City_ID,City,Country,Date,Lat,Lng,Max Temp,Humidity,Cloudiness,Wind Speed
0,Thompson,CA,2021-11-28 03:53:35,55.7435,-97.8558,19.56,79,90,10.36
1,Brigantine,US,2021-11-28 04:01:53,39.4101,-74.3646,34.0,60,75,4.61
2,Punta Arenas,CL,2021-11-28 04:02:29,-53.15,-70.9167,46.71,78,100,11.48
3,Saldanha,ZA,2021-11-28 04:03:04,-33.0117,17.9442,62.65,95,86,11.74
4,Port Alfred,ZA,2021-11-28 04:02:30,-33.5906,26.891,67.28,67,63,8.97
5,Busselton,AU,2021-11-28 04:02:35,-33.65,115.3333,83.71,41,70,11.61
6,Ibirama,BR,2021-11-28 04:03:05,-27.0569,-49.5178,66.96,99,32,1.41
7,Ushuaia,AR,2021-11-28 04:02:27,-54.8,-68.3,44.06,92,100,10.56
8,Garowe,SO,2021-11-28 04:03:05,8.4054,48.4845,73.8,65,7,9.42
9,Hermanus,ZA,2021-11-28 04:02:31,-34.4187,19.2345,65.1,87,97,15.37
10,Ust-Koksa,RU,2021-11-28 04:03:06,50.2696,85.6108,13.8,81,85,0.83
11,Vila Praia De Ancora,PT,2021-11-28 04:03:06,41.811,-8.8526,40.06,77,10,13.51
12,Caravelas,BR,2021-11-28 04:03:07,-17.7125,-39.2481,71.42,94,100,7.02
13,Lewisporte,CA,2021-11-28 04:00:17,49.2499,-55.0482,46.78,76,98,14.61
14,Avanigadda,IN,2021-11-28 04:03:07,16.0215,80.9181,80.74,80,100,12.71
15,Rio Gallegos,AR,2021-11-28 03:51:31,-51.6226,-69.2181,53.65,50,40,11.5
16,Castro,BR,2021-11-28 04:03:08,-24.7911,-50.0119,60.91,81,0,3.09
17,Port Elizabeth,ZA,2021-11-28 04:00:15,-33.918,25.5701,65.26,63,12,9.06
18,Lomovka,RU,2021-11-28 04:03:08,53.9194,58.3672,4.12,79,3,2.04
19,Georgetown,MY,2021-11-28 04:00:16,5.4112,100.3354,85.93,70,20,3.44
20,Chuy,UY,2021-11-28 04:02:25,-33.6971,-53.4616,67.06,85,100,7.92
21,Vila Franca Do Campo,PT,2021-11-28 04:03:09,37.7167,-25.4333,59.41,72,53,6.02
22,Balkanabat,TM,2021-11-28 03:51:48,39.5108,54.3671,48.15,50,2,4.63
23,Charleston,US,2021-11-28 03:59:52,32.7766,-79.9309,41.02,93,20,0.0
24,Upernavik,GL,2021-11-28 04:03:10,72.7868,-56.1549,-1.68,85,31,10.4
25,Bredasdorp,ZA,2021-11-28 04:03:10,-34.5322,20.0403,66.7,74,85,15.43
26,Zaysan,KZ,2021-11-28 04:03:10,47.4667,84.8667,14.92,72,10,1.21
27,Tyup,KG,2021-11-28 04:03:11,42.7276,78.3648,19.63,48,0,3.67
28,Iralaya,HN,2021-11-28 04:00:01,15.0,-83.2333,76.91,72,76,10.49
29,Luanda,AO,2021-11-28 03:57:38,-8.8368,13.2343,76.5,81,100,7.07
30,Cerro Punta,PA,2021-11-28 04:03:11,8.85,-82.5667,51.13,91,63,4.29
31,Saryozek,KZ,2021-11-28 04:03:11,44.3583,77.9753,35.22,15,0,10.58
32,Hope Mills,US,2021-11-28 04:03:12,34.9704,-78.9453,44.89,54,1,6.91
33,Mubi,NG,2021-11-28 04:00:19,10.2676,13.2644,69.69,18,74,3.58
34,Jamestown,US,2021-11-28 04:03:12,42.097,-79.2353,29.52,93,90,4.61
35,Awjilah,LY,2021-11-28 03:53:40,29.1081,21.2869,70.75,35,57,6.26
36,Dikson,RU,2021-11-28 04:02:24,73.5069,80.5464,-13.92,97,100,9.44
37,Panaba,MX,2021-11-28 04:03:13,21.2833,-88.2667,72.1,80,84,7.07
38,Port Shepstone,ZA,2021-11-28 04:03:13,-30.7414,30.455,66.16,83,14,8.19
39,Saint George,US,2021-11-28 03:53:39,37.1041,-113.5841,52.39,22,1,0.0
40,Sassandra,CI,2021-11-28 04:03:14,4.95,-6.0833,77.76,87,10,4.94
41,Kiruna,SE,2021-11-28 04:03:14,67.8557,20.2251,-12.08,77,100,3.44
42,Halifax,CA,2021-11-28 04:00:01,44.6453,-63.5724,34.48,79,96,15.1
43,Hithadhoo,MV,2021-11-28 04:03:14,-0.6,73.0833,81.88,71,99,17.4
44,Guatire,VE,2021-11-28 04:03:15,10.4762,-66.5427,72.1,98,54,0.31
45,San Jose,US,2021-11-28 04:00:18,37.3394,-121.895,58.82,58,20,3.44
46,Kopervik,NO,2021-11-28 04:04:15,59.2835,5.3067,26.74,93,6,8.05
47,Landau,DE,2021-11-28 04:04:16,49.2075,8.1133,38.37,91,99,4.72
48,Kaabong,UG,2021-11-28 04:02:20,3.4836,34.1492,65.16,78,95,9.51
49,Los Llanos De Aridane,ES,2021-11-28 04:02:41,28.6585,-17.9182,60.55,72,40,12.66
50,Mahebourg,MU,2021-11-28 04:04:16,-20.4081,57.7,78.62,67,0,9.66
51,Neuquen,AR,2021-11-28 03:59:16,-38.9516,-68.0591,62.49,94,0,11.5
52,Matagami,CA,2021-11-28 04:02:34,49.7502,-77.6328,10.51,100,90,8.05
53,Imperia,IT,2021-11-28 04:04:17,43.9667,7.7833,37.4,71,1,5.93
54,Bandarbeyla,SO,2021-11-28 04:04:17,9.4942,50.8122,79.09,78,88,15.21
55,Muros,ES,2021-11-28 04:04:18,42.7762,-9.0603,39.7,73,26,9.71
56,Cabedelo,BR,2021-11-28 04:04:18,-6.9811,-34.8339,79.47,73,73,10.42
57,Mumford,GH,2021-11-28 04:04:18,5.2618,-0.759,79.21,82,47,7.56
58,Saint-Pierre,RE,2021-11-28 04:04:19,-21.3393,55.4781,80.24,83,75,8.05
59,East London,ZA,2021-11-28 03:59:01,-33.0153,27.9116,63.54,94,0,6.91
60,Chalmette,US,2021-11-28 04:04:19,29.9427,-89.9634,57.2,78,90,0.0
61,Arraial Do Cabo,BR,2021-11-28 04:00:49,-22.9661,-42.0278,72.88,88,29,4.18
62,Saint-Philippe,RE,2021-11-28 04:04:20,-21.3585,55.7679,80.15,80,93,4.07
63,Rocha,UY,2021-11-28 04:04:20,-34.4833,-54.3333,61.38,96,100,3.69
64,Souillac,MU,2021-11-28 04:04:20,-20.5167,57.5167,79.79,62,0,5.66
65,Adrar,MR,2021-11-28 03:59:23,20.5022,-10.0711,61.23,36,66,15.05
66,Henties Bay,NA,2021-11-28 04:04:21,-22.116,14.2845,56.97,90,0,4.7
67,Mar Del Plata,AR,2021-11-28 04:02:36,-38.0023,-57.5575,62.19,91,100,14.25
68,Gorom-Gorom,BF,2021-11-28 04:04:21,14.4439,-0.2361,75.88,17,15,8.77
69,Tukrah,LY,2021-11-28 03:54:54,32.5341,20.5791,67.53,68,68,5.61
70,Wattegama,LK,2021-11-28 04:04:22,6.7989,81.4808,77.92,70,61,1.86
71,Goderich,CA,2021-11-28 03:59:32,43.7501,-81.7165,26.92,93,100,5.75
72,Sorland,NO,2021-11-28 04:04:22,67.667,12.6934,33.84,83,100,17.67
73,Nohar,IN,2021-11-28 04:04:23,29.1833,74.7667,69.76,42,0,9.6
74,Iqaluit,CA,2021-11-28 04:02:02,63.7506,-68.5145,21.42,86,100,9.93
75,Maturin,VE,2021-11-28 04:04:23,9.75,-63.1767,72.84,97,29,4.12
76,Hambantota,LK,2021-11-28 04:02:21,6.1241,81.1185,79.14,100,75,3.44
77,Najran,SA,2021-11-28 04:04:24,17.4924,44.1277,62.02,44,1,0.63
78,Taoudenni,ML,2021-11-28 04:04:24,22.6783,-3.9836,64.71,35,23,11.14
79,Atar,MR,2021-11-28 04:04:24,20.5169,-13.0499,64.98,34,97,14.43
80,Tupaciguara,BR,2021-11-28 04:04:21,-18.5922,-48.705,67.44,90,6,2.39
81,Hamilton,US,2021-11-28 03:55:23,39.1834,-84.5333,45.23,69,86,8.25
82,Kassala,SD,2021-11-28 04:04:25,15.451,36.4,74.08,79,0,9.06
83,Natal,BR,2021-11-28 03:57:34,-5.795,-35.2094,80.82,83,20,5.75
84,Turbat,PK,2021-11-28 04:04:26,26.0023,63.044,73.96,22,0,13.85
85,Miraflores,MX,2021-11-28 04:04:26,19.2167,-98.8083,59.65,70,4,2.82
86,Robore,BO,2021-11-28 04:05:26,-18.3333,-59.75,75.97,76,17,5.37
87,Bolshaya Glushitsa,RU,2021-11-28 04:05:27,50.2406,43.5908,37.76,96,99,10.38
88,Port Blair,IN,2021-11-28 03:58:40,11.6667,92.75,86.04,74,40,8.05
89,Jardim,BR,2021-11-28 04:02:04,-21.4803,-56.1381,77.13,82,13,4.47
90,Lekoni,GA,2021-11-28 04:05:27,-1.5843,14.2591,70.57,91,98,3.42
91,Lircay,PE,2021-11-28 04:05:28,-12.9896,-74.7205,47.79,86,100,3.24
92,San Cristobal,VE,2021-11-28 04:02:52,7.7669,-72.225,65.84,90,31,1.43
93,Borovoy,RU,2021-11-28 04:05:28,55.4333,86.0833,20.48,86,90,17.9
94,Cape Town,ZA,2021-11-28 03:58:43,-33.9258,18.4232,63.01,100,75,14.97
95,Ribeira Grande,PT,2021-11-28 04:05:29,38.5167,-28.7,61.38,63,67,5.08
96,Vodnyy,RU,2021-11-28 04:05:29,63.5046,53.4095,12.9,95,100,5.7
97,Saint-Francois,FR,2021-11-28 04:05:29,46.4154,3.9054,33.24,100,90,4.61
98,Mari,BR,2021-11-28 04:05:30,-7.06,-35.3194,77.81,82,22,3.44
99,Celendin,PE,2021-11-28 04:05:30,-6.8703,-78.1517,54.79,88,100,2.98
100,Batavia,US,2021-11-28 04:05:30,41.85,-88.3126,35.4,64,1,16.11
101,Francavilla Al Mare,IT,2021-11-28 04:05:31,42.4206,14.287,55.36,58,35,16.11
102,Grand-Santi,GF,2021-11-28 04:05:31,4.25,-54.3833,72.09,99,15,2.46
103,Copiapo,CL,2021-11-28 04:05:31,-27.3667,-70.3333,55.09,43,0,1.66
104,Kontagora,NG,2021-11-28 04:05:32,10.3999,5.4695,71.37,22,96,5.26
105,Tchaourou,BJ,2021-11-28 04:05:32,8.8865,2.5975,72.03,78,100,1.54
106,Nowa Sol,PL,2021-11-28 04:05:32,51.8033,15.717,30.07,96,78,6.24
107,Korhogo,CI,2021-11-28 04:05:33,9.45,-5.6333,73.47,48,21,3.27
108,Rajampet,IN,2021-11-28 04:05:33,14.1833,79.1667,72.81,99,100,3.4
109,Quartucciu,IT,2021-11-28 04:05:33,39.2519,9.1794,49.87,93,40,2.3
110,Astaneh-Ye Ashrafiyeh,IR,2021-11-28 04:05:34,37.2596,49.9444,52.99,84,100,1.16
111,Saint Austell,GB,2021-11-28 04:05:34,50.3383,-4.7658,39.76,93,75,10.36
112,Dudinka,RU,2021-11-28 04:02:37,69.4058,86.1778,-4.23,98,100,5.5
113,Ambilobe,MG,2021-11-28 03:56:09,-13.2,49.05,79.03,75,21,4.0
114,Bathsheba,BB,2021-11-28 03:57:18,13.2167,-59.5167,81.21,78,20,14.97
115,Yenagoa,NG,2021-11-28 03:59:47,4.9247,6.2642,75.25,93,86,3.15
116,Torbay,CA,2021-11-28 04:00:17,47.6666,-52.7314,47.52,80,100,10.25
117,Maceio,BR,2021-11-28 04:05:35,-9.6658,-35.7353,80.04,83,0,2.3
118,Bambous Virieux,MU,2021-11-28 04:04:45,-20.3428,57.7575,78.48,67,0,10.31
119,Kindia,GN,2021-11-28 04:05:35,10.0569,-12.8658,68.99,86,99,1.25
120,San Andres,CO,2021-11-28 04:05:36,12.5847,-81.7006,82.42,78,40,12.66
121,Sao Jose Da Coroa Grande,BR,2021-11-28 04:05:36,-8.8978,-35.1478,80.06,69,100,10.71
122,Praia Da Vitoria,PT,2021-11-28 04:05:36,38.7333,-27.0667,59.86,67,96,6.49
123,Laukaa,RU,2021-11-28 04:05:37,58.7372,29.8453,26.02,95,100,7.61
124,Ponta Do Sol,PT,2021-11-28 04:05:37,32.6667,-17.1,63.23,77,37,6.02
125,Omboue,GA,2021-11-28 04:02:21,-1.5746,9.2618,75.9,89,100,2.39
126,Brovst,DK,2021-11-28 04:05:38,57.0956,9.528,35.53,100,90,5.75
127,Khipro,PK,2021-11-28 04:05:38,25.8285,69.3772,76.71,20,17,6.8
128,Eyl,SO,2021-11-28 03:57:26,7.9803,49.8164,78.78,74,54,13.58
129,La Ciotat,FR,2021-11-28 04:05:39,43.1748,5.6045,42.67,65,10,23.13
130,Vardo,NO,2021-11-28 04:05:39,70.3705,31.1107,23.32,79,32,12.84
131,Meulaboh,ID,2021-11-28 03:59:51,4.1363,96.1285,80.71,84,89,11.9
132,Barmer,IN,2021-11-28 04:05:39,25.75,71.3833,75.92,24,4,4.9
133,Qaanaaq,GL,2021-11-28 04:02:33,77.484,-69.3632,-2.72,97,99,2.42
134,Jutai,BR,2021-11-28 04:05:40,-5.1833,-68.9,74.03,96,99,2.66
135,Victoria,HK,2021-11-28 04:01:30,22.2855,114.1577,73.45,47,70,5.82
136,Savannah Bight,HN,2021-11-28 04:06:40,16.45,-85.85,80.02,57,96,4.5
137,Lagoa,PT,2021-11-28 04:02:37,39.05,-27.9833,61.21,60,96,7.7
138,Nicoya,CR,2021-11-28 04:06:41,10.1483,-85.452,78.35,84,27,6.13
139,Sahibganj,IN,2021-11-28 04:06:41,25.25,87.65,72.57,55,76,3.36
140,Oksfjord,NO,2021-11-28 04:06:41,70.2396,22.3479,18.52,89,24,12.46
141,Codrington,AU,2021-11-28 04:02:30,-38.2667,141.9667,65.07,60,0,14.41
142,Yar-Sale,RU,2021-11-28 04:06:42,66.8333,70.8333,-8.84,97,68,9.75
143,Touros,BR,2021-11-28 04:06:42,-5.1989,-35.4608,77.9,73,96,11.88
144,Narsaq,GL,2021-11-28 04:06:42,60.9167,-46.05,37.62,100,100,1.1
145,Cobija,BO,2021-11-28 04:06:43,-11.0267,-68.7692,72.61,97,100,2.48
146,Loanda,AO,2021-11-28 04:06:43,-8.8368,13.2343,75.2,94,75,8.05
147,Salinas,US,2021-11-28 04:06:43,36.6777,-121.6555,57.72,55,1,0.0
148,Dunda,TZ,2021-11-28 04:06:44,-8.1167,34.25,67.24,75,93,0.92
149,Albanel,CA,2021-11-28 04:06:44,48.8832,-72.4487,23.92,74,100,17.4
150,Gravdal,NO,2021-11-28 04:04:27,68.1214,13.5031,32.02,89,96,3.29
151,Mana,GF,2021-11-28 03:59:47,5.6592,-53.7767,77.4,89,93,7.25
152,Sao Joao Da Barra,BR,2021-11-28 04:03:46,-21.6403,-41.0511,72.27,84,51,9.17
153,Wawa,NG,2021-11-28 04:06:45,9.9022,4.4192,72.25,30,96,1.05
154,Rostovka,RU,2021-11-28 04:06:45,55.3842,71.8891,17.65,92,98,11.12
155,Puerto Colombia,CO,2021-11-28 04:06:46,10.9878,-74.9547,80.69,83,45,18.45
156,Puerto Narino,CO,2021-11-28 04:06:46,-3.7703,-70.3831,75.15,96,92,3.24
157,Virginia Beach,US,2021-11-28 04:01:58,36.8529,-75.978,33.84,52,15,9.69
158,Klaksvik,FO,2021-11-28 04:06:47,62.2266,-6.589,25.72,62,99,6.69
159,Cidreira,BR,2021-11-28 04:06:47,-30.1811,-50.2056,69.37,95,92,3.36
160,Banda Aceh,ID,2021-11-28 04:06:47,5.5577,95.3222,78.93,85,99,9.13
161,Biggar,GB,2021-11-28 04:06:48,55.6167,-3.5167,33.39,74,79,3.65
162,Parrita,CR,2021-11-28 04:06:48,9.5201,-84.3225,80.37,86,59,2.59
163,Lasa,IT,2021-11-28 04:06:48,46.6166,10.7002,29.14,95,100,6.71
164,Ilinskiy,RU,2021-11-28 04:06:49,55.619,38.1182,41.58,93,75,13.42
165,Sorrento,IT,2021-11-28 04:06:49,40.626,14.3744,55.53,71,88,25.64
166,Harstad,NO,2021-11-28 04:06:49,68.799,16.5293,18.63,74,13,11.9
167,Great Yarmouth,GB,2021-11-28 03:59:57,52.6083,1.7305,41.25,77,100,30.4
168,Angoche,MZ,2021-11-28 03:59:50,-16.2325,39.9086,77.38,60,98,11.83
169,At-Bashi,KG,2021-11-28 03:59:53,41.1702,75.8106,17.92,57,1,4.85
170,Ilulissat,GL,2021-11-28 04:06:50,69.2167,-51.1,23.02,63,100,17.27
171,Gat,IL,2021-11-28 04:06:51,31.61,34.7642,54.28,37,14,3.62
172,Derzhavinsk,KZ,2021-11-28 04:02:14,51.1,66.3167,4.03,79,8,6.11
173,Gari,RU,2021-11-28 04:06:51,59.4307,62.3497,24.84,93,97,9.22
174,Diffa,NE,2021-11-28 04:06:52,13.3154,12.6113,70.18,31,43,9.46
175,Uruacu,BR,2021-11-28 04:06:52,-14.5247,-49.1408,70.61,94,85,2.08
176,Esna,EG,2021-11-28 04:06:52,25.2934,32.554,68.31,21,3,7.25
177,Togur,RU,2021-11-28 04:06:52,58.3631,82.8265,27.48,91,99,13.27
178,Vilhena,BR,2021-11-28 04:02:21,-12.7406,-60.1458,69.12,96,98,3.38
179,Richards Bay,ZA,2021-11-28 04:06:53,-28.783,32.0377,67.41,75,58,18.75
180,Kaduqli,SD,2021-11-28 04:06:53,11.0167,29.7167,75.22,30,5,9.26
181,Kortkeros,RU,2021-11-28 04:07:54,61.8106,51.5806,30.2,96,100,6.73
182,Havoysund,NO,2021-11-28 04:07:54,70.9963,24.6622,18.48,79,68,19.06
183,Bosaso,SO,2021-11-28 04:07:54,11.2842,49.1816,78.44,69,11,2.21
184,Ereymentau,KZ,2021-11-28 04:07:55,51.6199,73.1033,8.26,78,8,10.54
185,Likasi,CD,2021-11-28 04:07:55,-10.9814,26.7333,59.97,97,84,3.29
186,Pisco,PE,2021-11-28 04:04:54,-13.7,-76.2167,66.25,82,0,5.75
187,Watertown,US,2021-11-28 04:07:55,42.3709,-71.1828,29.05,63,1,6.91
188,Beni Suef,EG,2021-11-28 04:07:56,29.0731,31.0979,64.56,33,34,1.92
189,Villa Carlos Paz,AR,2021-11-28 04:07:56,-31.4241,-64.4978,58.28,92,100,4.52
190,El Tigre,VE,2021-11-28 04:07:57,8.8875,-64.2454,74.91,86,92,9.48
191,Usinsk,RU,2021-11-28 04:01:10,65.9939,57.5281,-12.86,100,77,4.61
192,Belorechensk,RU,2021-11-28 04:07:57,44.76,39.87,41.72,78,100,8.7
193,Santa Isabel Do Rio Negro,BR,2021-11-28 03:59:57,-0.4139,-65.0192,75.6,90,99,0.51
194,Lawrence,US,2021-11-28 04:04:54,38.9717,-95.2353,52.54,61,1,9.22
195,Gopalpur,IN,2021-11-28 04:07:58,19.2667,84.9167,77.14,56,24,12.46
196,Bereda,ES,2021-11-28 04:07:58,43.2686,-7.5406,37.15,92,92,2.91
197,Carnarvon,AU,2021-11-28 04:07:58,-24.8667,113.6333,91.47,43,0,16.11
198,Olafsvik,IS,2021-11-28 04:07:59,64.8945,-23.7142,37.45,97,100,10.54
199,Nioro,GM,2021-11-28 04:07:59,13.35,-15.75,74.62,33,3,6.02
200,Brae,GB,2021-11-28 04:07:49,60.3964,-1.353,31.91,61,99,17.05
201,Findlay,US,2021-11-28 04:04:58,41.0442,-83.6499,38.05,87,90,5.75
202,Nova Olimpia,BR,2021-11-28 04:08:00,-14.7972,-57.2881,75.45,84,89,4.16
203,Coquimbo,CL,2021-11-28 04:08:00,-29.9533,-71.3436,58.73,88,0,2.3
204,Dabat,ET,2021-11-28 04:08:00,12.9842,37.765,52.12,71,0,8.99
205,Cap-Aux-Meules,CA,2021-11-28 04:08:01,47.3821,-61.8597,36.01,68,100,37.69
206,Luderitz,NA,2021-11-28 04:08:01,-26.6481,15.1594,59.2,84,12,6.53
207,Bilma,NE,2021-11-28 04:02:27,18.6853,12.9164,70.92,20,73,6.44
208,Asyut,EG,2021-11-28 04:08:01,27.181,31.1837,63.16,30,19,2.3
209,Cap Malheureux,MU,2021-11-28 04:08:02,-19.9842,57.6142,77.92,70,0,12.21
210,La Rochelle,FR,2021-11-28 04:08:02,46.1667,-1.15,42.87,70,0,26.46
211,Jashpurnagar,IN,2021-11-28 04:08:02,22.9,84.15,66.54,39,97,3.53
212,Moose Factory,CA,2021-11-28 04:01:03,51.2585,-80.6094,7.56,97,65,3.69
213,Boende,CD,2021-11-28 04:08:03,-0.2167,20.8667,71.49,89,92,2.08
214,Bandar-E Lengeh,IR,2021-11-28 04:08:03,26.5579,54.8807,76.15,62,2,6.6
215,Corumba,BR,2021-11-28 04:08:03,-19.0092,-57.6533,76.95,72,54,2.57
216,Luena,AO,2021-11-28 04:08:04,-11.7833,19.9167,61.25,97,100,1.48
217,Lebu,CL,2021-11-28 04:08:04,-37.6167,-73.65,51.53,75,0,16.96
218,Salalah,OM,2021-11-28 04:08:04,17.0151,54.0924,78.89,36,0,4.61
219,Hurghada,EG,2021-11-28 04:02:17,27.2574,33.8129,69.67,34,33,11.36
220,Grindavik,IS,2021-11-28 04:08:05,63.8424,-22.4338,36.07,93,0,8.05
221,Gamba,GA,2021-11-28 03:58:37,-2.65,10.0,76.19,89,100,3.04
222,Ancud,CL,2021-11-28 04:08:05,-41.8697,-73.8203,49.53,82,34,6.13
223,Lumeje,AO,2021-11-28 04:08:06,-11.55,20.7833,63.66,97,98,2.86
224,Tasiilaq,GL,2021-11-28 04:03:33,65.6145,-37.6368,28.56,92,100,7.36
225,Hun,LY,2021-11-28 04:06:42,29.1268,15.9477,71.33,28,99,10.96
226,Faro,PT,2021-11-28 04:05:17,37.0194,-7.9322,46.18,61,0,13.8
227,Mindelo,CV,2021-11-28 04:08:07,16.8901,-24.9804,74.75,69,40,24.16
228,Jalu,LY,2021-11-28 04:09:07,29.0331,21.5482,70.27,37,46,6.06
229,Ayni,TJ,2021-11-28 04:09:07,39.3941,68.5377,42.24,45,96,4.7
230,Gasa,PS,2021-11-28 04:09:08,31.5,34.4667,55.38,41,29,10.16
231,Kochinda,IN,2021-11-28 04:09:08,21.7333,84.35,71.94,43,87,3.51
232,Zhezkazgan,KZ,2021-11-28 04:09:08,47.8043,67.7144,17.78,80,44,10.47
233,Bengkulu,ID,2021-11-28 03:59:54,-3.8004,102.2655,82.15,71,100,3.83
234,Madanapalle,IN,2021-11-28 04:07:32,13.55,78.5,68.76,96,100,3.49
235,Tacuati,PY,2021-11-28 04:09:09,-23.45,-56.5833,72.45,57,0,3.87
236,Astana,KZ,2021-11-28 04:09:09,51.1801,71.446,-0.45,85,0,4.47
237,Bystryy Istok,RU,2021-11-28 04:09:10,52.371,84.3873,29.16,55,100,17.34
238,Clyde River,CA,2021-11-28 04:09:10,70.4692,-68.5914,-9.54,98,96,6.73
239,Mizan Teferi,ET,2021-11-28 04:09:10,6.9833,35.5833,65.03,72,33,2.82
240,Buraydah,SA,2021-11-28 04:09:11,26.326,43.975,56.55,49,0,3.91
241,Hearst,CA,2021-11-28 04:09:11,49.6835,-83.6665,18.61,95,98,4.79
242,Santa Maria,BR,2021-11-28 04:02:28,-29.6842,-53.8069,66.81,91,84,7.11
243,Mangrol,IN,2021-11-28 04:09:11,21.1167,70.1167,77.77,52,99,8.25
244,Kudahuvadhoo,MV,2021-11-28 04:09:12,2.6708,72.8944,81.55,71,100,15.95
245,Zhob,PK,2021-11-28 04:09:12,31.3411,69.4481,53.82,27,0,0.92
246,Ngaoundere,CM,2021-11-28 04:09:12,7.3167,13.5833,64.26,32,58,3.11
247,Sept-Iles,CA,2021-11-28 04:09:13,50.2001,-66.3821,36.12,93,75,5.75
248,Nanortalik,GL,2021-11-28 04:09:13,60.1432,-45.2371,42.49,96,100,13.58
249,Sogne,NO,2021-11-28 04:09:13,58.0833,7.8167,30.06,83,100,17.85
250,Serenje,ZM,2021-11-28 04:09:14,-13.2325,30.2352,58.44,86,18,6.17
251,Pervomayskiy,RU,2021-11-28 04:09:14,53.2485,40.2871,35.91,99,100,8.95
252,Tessalit,ML,2021-11-28 04:09:15,20.1986,1.0114,73.18,24,66,3.89
253,Carbonear,CA,2021-11-28 04:09:15,47.7332,-53.2148,48.27,77,100,12.24
254,Pontes E Lacerda,BR,2021-11-28 04:09:15,-15.2261,-59.3353,72.63,91,51,3.29
255,Micheweni,TZ,2021-11-28 04:09:16,-4.9667,39.8333,80.13,78,33,2.95
256,Balkhash,KZ,2021-11-28 04:09:16,46.844,74.9804,18.21,62,0,20.13
257,Vaasa,FI,2021-11-28 04:09:16,63.096,21.6158,1.42,85,20,4.61
258,Santa Rosa,PH,2021-11-28 04:09:17,14.3122,121.1114,77.27,87,100,6.78
259,Manbij,SY,2021-11-28 04:09:17,36.5281,37.9549,52.57,66,100,7.63
260,Cururupu,BR,2021-11-28 04:09:18,-1.8283,-44.8683,76.05,91,57,2.82
261,Lumberton,US,2021-11-28 04:09:18,34.6182,-79.0086,44.87,44,90,6.89
262,Pochinok,RU,2021-11-28 04:09:18,54.4068,32.4407,35.06,87,100,12.41
263,Port-Gentil,GA,2021-11-28 04:09:18,-0.7193,8.7815,78.48,85,100,5.26
264,Shu,KZ,2021-11-28 04:09:19,43.5983,73.7614,33.15,38,0,0.78
265,Neyshabur,IR,2021-11-28 04:09:19,36.2133,58.7958,45.9,54,0,1.72
266,Kovernino,RU,2021-11-28 04:09:19,57.1253,43.8142,32.5,97,100,11.56
267,Kharod,IN,2021-11-28 04:09:20,21.75,82.5667,71.64,39,100,4.83
268,Oleksandrivka,UA,2021-11-28 04:09:20,48.9634,32.2349,41.16,89,4,5.82
269,Walvis Bay,NA,2021-11-28 04:09:20,-22.9575,14.5053,57.11,75,1,6.35
270,Namibe,AO,2021-11-28 04:01:08,-15.1961,12.1522,66.79,77,70,2.24
271,Saint-Gilles,FR,2021-11-28 04:09:21,43.6766,4.4302,42.71,75,0,5.75
272,Nuuk,GL,2021-11-28 04:09:21,64.1835,-51.7216,45.21,87,90,24.16
273,Little Current,CA,2021-11-28 04:10:22,45.9793,-81.9248,17.65,62,87,3.22
274,Pangnirtung,CA,2021-11-28 04:02:34,66.1451,-65.7125,17.08,75,100,7.47
275,Porto Tolle,IT,2021-11-28 04:10:22,44.9497,12.3245,46.42,88,100,6.26
276,Kalmunai,LK,2021-11-28 04:10:22,7.4167,81.8167,83.03,75,30,4.59
277,Macon,US,2021-11-28 04:10:22,39.8667,-88.9668,44.65,70,1,12.66
278,Iquitos,PE,2021-11-28 04:10:23,-3.7481,-73.2472,80.64,89,40,6.91
279,Kigonsera,TZ,2021-11-28 04:10:23,-10.8,35.05,61.12,89,78,5.03
280,Polunochnoye,RU,2021-11-28 04:10:24,60.8697,60.4153,18.37,97,100,3.56
281,Kinwat,IN,2021-11-28 04:10:24,19.6333,78.2,72.14,37,61,7.94
282,Isabela,PH,2021-11-28 04:10:24,6.7085,121.9711,86.43,67,84,1.07
283,Kruisfontein,ZA,2021-11-28 04:10:25,-34.0033,24.7314,62.42,66,30,7.74
284,Chikola,RU,2021-11-28 04:10:25,43.1906,43.9209,24.71,58,98,5.82
285,Merritt Island,US,2021-11-28 04:07:18,28.5392,-80.672,57.56,91,1,3.44
286,Taltal,CL,2021-11-28 04:10:26,-25.4,-70.4833,61.92,79,16,0.85
287,Nhamunda,BR,2021-11-28 04:10:26,-2.1861,-56.7131,75.87,89,94,1.05
288,Selma,US,2021-11-28 04:10:26,36.5708,-119.6121,53.65,37,0,1.72
289,Tibati,CM,2021-11-28 04:10:27,6.4667,12.6333,65.39,38,75,1.54
290,Montego Bay,JM,2021-11-28 04:08:41,18.4712,-77.9188,76.46,74,3,7.29
291,Santa Helena,BR,2021-11-28 04:08:23,-2.2311,-45.3,74.16,95,79,2.44
292,Kurkent,RU,2021-11-28 04:10:27,41.712,48.1153,43.68,55,100,2.77
293,Grand Gaube,MU,2021-11-28 04:10:28,-20.0064,57.6608,77.83,69,0,12.03
294,Trincomalee,LK,2021-11-28 04:10:28,8.5711,81.2335,82.4,77,70,7.56
295,Axim,GH,2021-11-28 04:10:28,4.8699,-2.2405,78.19,83,72,5.14
296,Itaperucu,BR,2021-11-28 04:10:29,-25.22,-49.3478,63.55,98,19,2.08
297,Buchanan,LR,2021-11-28 04:10:29,5.8808,-10.0467,76.96,84,62,4.43
298,Waddan,LY,2021-11-28 04:10:29,29.1614,16.139,71.17,28,98,10.36
299,Ostrovnoy,RU,2021-11-28 04:10:30,68.0531,39.5131,7.39,94,81,7.92
300,Vila Do Maio,CV,2021-11-28 04:10:30,15.1333,-23.2167,75.99,77,83,20.29
301,Vizinga,RU,2021-11-28 04:10:30,61.0749,50.1031,29.14,97,100,8.19
302,Matara,LK,2021-11-28 04:10:31,5.9485,80.5353,81.21,78,92,2.66
303,Comodoro Rivadavia,AR,2021-11-28 04:10:31,-45.8667,-67.5,57.06,26,0,4.61
304,Manakara,MG,2021-11-28 04:10:32,-22.1333,48.0167,67.71,80,100,7.47
305,Standerton,ZA,2021-11-28 04:10:32,-26.9337,29.2415,54.57,84,100,4.94
306,Aswan,EG,2021-11-28 04:10:32,24.0934,32.907,68.11,30,2,8.41
307,Chapais,CA,2021-11-28 04:10:33,49.7834,-74.8492,19.18,90,100,12.84
308,Nouakchott,MR,2021-11-28 04:10:33,18.0858,-15.9785,69.73,44,0,19.82
309,Santa Fe,AR,2021-11-28 04:06:26,-31.6333,-60.7,66.54,78,99,10.89
310,Seminole,US,2021-11-28 04:10:34,28.7086,-81.2081,57.56,71,1,3.44
311,Benidorm,ES,2021-11-28 04:10:34,38.5382,-0.131,48.29,50,11,17.74
312,Alibag,IN,2021-11-28 04:10:34,18.6411,72.8792,82.47,51,87,6.76
313,Nurota,UZ,2021-11-28 04:10:35,40.5614,65.6886,30.29,52,100,1.66
314,Longyearbyen,SJ,2021-11-28 04:10:35,78.2186,15.6401,10.24,61,20,26.46
315,Bubaque,GW,2021-11-28 04:10:35,11.2833,-15.8333,82.58,69,93,10.16
316,Gazanjyk,TM,2021-11-28 04:10:36,39.2446,55.5154,45.66,55,0,8.19
317,Quelimane,MZ,2021-11-28 04:10:36,-17.8786,36.8883,66.15,94,40,2.3
318,Tazovskiy,RU,2021-11-28 04:11:36,67.4667,78.7,0.54,97,100,5.66
319,Biddeford,US,2021-11-28 04:11:37,43.4926,-70.4534,28.51,64,0,11.65
320,Bethanien,NA,2021-11-28 04:11:37,-26.502,17.1583,53.58,63,4,2.82
321,Kanniyakumari,IN,2021-11-28 04:11:37,8.0833,77.5667,77.86,84,100,11.03
322,Xuddur,SO,2021-11-28 04:11:38,4.1213,43.8894,72.63,86,13,11.21
323,Praia,CV,2021-11-28 04:11:38,14.9215,-23.5087,75.74,73,40,19.57
324,Lively,CA,2021-11-28 04:11:38,46.4334,-81.1498,16.61,95,44,0.85
325,Dingle,PH,2021-11-28 04:11:17,10.9995,122.6711,84.96,75,95,10.54
326,Abnub,EG,2021-11-28 04:11:39,27.2696,31.1511,62.91,30,24,1.92
327,Andrelandia,BR,2021-11-28 04:11:39,-21.7397,-44.3092,61.79,94,31,2.95
328,Sault Sainte Marie,CA,2021-11-28 04:11:39,46.5168,-84.3333,26.89,70,90,3.44
329,Cayenne,GF,2021-11-28 04:11:40,4.9333,-52.3333,77.04,94,20,1.14
330,San Joaquin,US,2021-11-28 04:11:40,37.9333,-121.3011,57.78,71,1,4.61
331,San Ramon De La Nueva Oran,AR,2021-11-28 04:11:40,-23.1322,-64.326,74.3,95,100,2.71
332,Umm Kaddadah,SD,2021-11-28 04:11:41,13.6017,26.6876,70.81,20,9,16.93
333,Beloha,MG,2021-11-28 04:11:41,-25.1667,45.05,65.17,55,0,14.0
334,Mocuba,MZ,2021-11-28 04:11:41,-16.8392,36.9856,67.77,80,5,3.2
335,Camacha,PT,2021-11-28 04:11:42,33.0833,-16.3333,60.22,72,40,13.8
336,Meshchovsk,RU,2021-11-28 04:11:42,54.3244,35.2808,34.21,90,77,9.33
337,Banihal,IN,2021-11-28 04:11:42,33.4167,75.2,49.05,44,59,4.47
338,Biltine,TD,2021-11-28 04:11:43,14.5333,20.9167,70.29,18,4,12.82
339,Kamenka,RU,2021-11-28 04:11:43,51.3223,42.7678,37.29,96,100,12.68
340,Westport,US,2021-11-28 04:09:47,41.1415,-73.3579,35.74,55,1,6.91
341,Frankenberg,DE,2021-11-28 04:11:43,51.0667,8.8,33.67,97,81,3.36
342,Cartagena,CO,2021-11-28 04:08:56,10.3997,-75.5144,78.42,94,0,2.3
343,Kaliua,TZ,2021-11-28 04:11:44,-5.0606,31.7936,64.35,96,28,0.22
344,Verkhneuralsk,RU,2021-11-28 04:11:44,53.8769,59.2106,5.2,86,6,4.97
345,Methoni,GR,2021-11-28 04:11:45,36.8197,21.7049,48.06,75,13,11.86
346,Muramvya,BI,2021-11-28 04:11:45,-3.2682,29.6079,55.11,92,25,2.51
347,Berlevag,NO,2021-11-28 04:11:45,70.8578,29.0864,10.35,72,0,5.75
348,Caxito,AO,2021-11-28 04:11:46,-8.5785,13.6643,75.85,93,98,3.15
349,Mikhaylovka,RU,2021-11-28 04:11:46,50.06,43.2379,37.63,96,95,10.83
350,Krasnovishersk,RU,2021-11-28 04:11:46,60.4078,57.082,29.48,94,100,8.7
351,Lakhna,IN,2021-11-28 04:11:46,26.65,79.15,70.12,43,0,5.12
352,Hofn,IS,2021-11-28 04:11:47,64.2539,-15.2082,31.98,58,100,13.6
353,Nchelenge,ZM,2021-11-28 04:11:47,-9.3451,28.734,68.02,88,100,6.69
354,Yambio,SS,2021-11-28 04:11:47,4.5721,28.3955,67.86,54,98,2.82
355,Trapani,IT,2021-11-28 04:11:48,37.8333,12.6667,59.18,64,100,13.33
356,Chicama,PE,2021-11-28 04:11:48,-7.8447,-79.1469,67.21,79,99,6.2
357,Kulunda,RU,2021-11-28 04:09:06,52.566,78.9385,15.4,87,52,12.97
358,Turukhansk,RU,2021-11-28 04:11:49,65.8167,87.9833,4.24,94,100,12.64
359,Toguchin,RU,2021-11-28 04:11:49,55.2353,84.3858,21.79,92,100,16.62
360,Romitan,UZ,2021-11-28 04:11:49,39.9343,64.3814,30.15,86,78,2.3
361,Mach,PK,2021-11-28 04:11:50,29.8637,67.3298,62.85,16,0,2.73
362,Tsagan Aman,RU,2021-11-28 04:11:50,47.5639,46.7218,36.55,88,100,11.59
363,Raudeberg,NO,2021-11-28 04:11:50,61.9875,5.1352,20.07,57,16,8.68
364,Japura,ID,2021-11-28 04:11:51,-0.3167,102.35,85.32,65,96,1.41
365,Bafq,IR,2021-11-28 04:11:51,31.6128,55.4107,55.85,52,6,2.26
366,Septemes-Les-Vallons,FR,2021-11-28 04:11:51,43.4,5.3667,38.57,75,0,8.05
367,Kochevo,RU,2021-11-28 04:12:52,59.5994,54.3125,30.52,86,100,10.6
368,Bud,US,2021-11-28 04:12:52,39.447,-86.1758,44.69,83,40,9.01
369,San Pedro,PH,2021-11-28 04:12:52,14.35,121.0167,75.61,89,100,8.3
370,Koygorodok,RU,2021-11-28 04:12:53,60.445,50.9968,31.19,93,100,10.85
371,Kaka,TM,2021-11-28 04:12:53,37.3482,59.6143,48.15,45,0,5.84
372,Gol,NO,2021-11-28 04:12:53,60.7014,8.9457,24.42,94,100,2.15
373,Kisangani,CD,2021-11-28 04:12:54,0.5167,25.2,69.94,99,99,2.33
374,Alberton,CA,2021-11-28 04:12:54,46.8168,-64.0654,30.33,71,100,26.73
375,Pizarro,CO,2021-11-28 04:12:54,4.9533,-77.366,75.47,90,74,0.96
376,Druzhinino,RU,2021-11-28 04:12:55,56.7895,59.5143,17.62,71,66,8.63
377,Acari,PE,2021-11-28 04:12:55,-15.4311,-74.6158,68.63,80,88,3.96
378,Marabba,SD,2021-11-28 04:12:55,12.35,32.1833,80.04,38,1,11.05
379,Abu Zabad,SD,2021-11-28 04:12:56,12.35,29.25,71.49,30,5,11.12
380,Maldonado,UY,2021-11-28 04:12:56,-34.6667,-54.9167,67.39,97,100,5.21
381,Oistins,BB,2021-11-28 04:12:56,13.0667,-59.5333,80.69,78,40,14.97
382,Nyrob,RU,2021-11-28 04:12:57,60.733,56.7202,28.74,95,100,8.81
383,Shache,CN,2021-11-28 04:12:57,38.4167,77.2406,31.82,37,72,2.93
384,Iskateley,RU,2021-11-28 04:12:57,67.6803,53.1512,2.64,96,70,8.75
385,Coihueco,CL,2021-11-28 04:12:58,-36.6167,-71.8333,56.14,62,1,10.36
386,Abu Dhabi,AE,2021-11-28 04:12:58,24.4667,54.3667,71.71,69,1,12.24
387,Kavaratti,IN,2021-11-28 04:12:58,10.5669,72.642,83.19,68,99,10.02
388,Kaputa,ZM,2021-11-28 04:12:59,-8.4689,29.6619,68.11,88,74,3.47
389,Saint-Prosper,CA,2021-11-28 04:12:59,46.2117,-70.4811,17.89,87,100,14.81
390,Gurlan,UZ,2021-11-28 04:12:59,41.8447,60.3919,23.07,49,27,7.09
391,Kalamb,IN,2021-11-28 04:13:00,19.05,73.95,72.48,49,48,5.88
392,Tabas,IR,2021-11-28 04:13:00,33.5959,56.9244,55.81,43,3,1.16
393,Nantucket,US,2021-11-28 04:13:01,41.2835,-70.0995,33.91,51,1,10.36
394,Krasnoselkup,RU,2021-11-28 04:13:01,65.7,82.4667,6.35,96,100,6.55
395,Baijiantan,CN,2021-11-28 04:13:01,45.6333,85.1833,26.62,63,1,10.76
396,Saint-Joseph,RE,2021-11-28 04:13:01,-21.3667,55.6167,79.18,84,96,3.09
397,Camabatela,AO,2021-11-28 04:13:02,-8.1881,15.375,62.4,99,100,1.52
398,Saint-Augustin,CA,2021-11-28 04:13:02,51.226,-58.6502,38.41,95,77,19.01
399,Cafelandia,BR,2021-11-28 04:13:03,-21.8025,-49.61,70.0,51,0,5.12
400,Sao Filipe,CV,2021-11-28 04:13:03,14.8961,-24.4956,77.07,71,77,10.8
401,Storforshei,NO,2021-11-28 04:13:03,66.4043,14.5233,3.2,81,9,4.5
402,Magaria,NE,2021-11-28 04:13:04,12.9983,8.9099,70.38,18,100,9.73
403,Hastings,GB,2021-11-28 04:13:04,50.8552,0.5729,37.15,85,99,26.02
404,Mandeville,JM,2021-11-28 04:12:08,18.0417,-77.5071,64.45,93,60,4.83
405,Beachwood,US,2021-11-28 04:13:04,41.4645,-81.5087,33.13,93,90,8.05
406,Mancio Lima,BR,2021-11-28 04:13:05,-7.6142,-72.8958,73.26,94,100,1.77
407,Marawi,PH,2021-11-28 04:13:05,7.9986,124.2928,80.82,67,100,5.61
408,Oranjemund,NA,2021-11-28 04:13:05,-28.55,16.4333,60.62,86,100,4.81
409,Edea,CM,2021-11-28 04:13:06,3.8,10.1333,75.11,97,96,0.96
410,Rio Grande,BR,2021-11-28 04:13:06,-32.035,-52.0986,69.91,90,94,10.22
411,Annau,TM,2021-11-28 04:13:06,37.8876,58.516,49.59,47,5,4.54
412,Orcopampa,PE,2021-11-28 04:13:07,-15.2661,-72.3417,44.42,73,90,3.02
413,Nizwa,OM,2021-11-28 04:11:45,22.9333,57.5333,73.08,36,0,1.79
414,Jaisalmer,IN,2021-11-28 04:13:15,26.9147,70.9181,74.5,23,35,7.58
415,Saint Anthony,US,2021-11-28 04:11:53,45.0205,-93.218,36.55,68,1,9.22
416,Impfondo,CG,2021-11-28 04:14:07,1.6381,18.0667,70.83,81,89,0.6
417,Aden,YE,2021-11-28 04:14:08,12.7794,45.0367,80.96,62,0,9.78
418,Puerto Leguizamo,CO,2021-11-28 04:14:08,-0.1934,-74.7819,76.14,79,99,2.57
419,Milove,UA,2021-11-28 04:14:08,49.3787,40.1302,42.64,97,100,8.01
420,Shakiso,ET,2021-11-28 04:14:09,5.75,38.9167,57.63,96,75,3.49
421,Zlobin,HR,2021-11-28 04:14:09,45.2924,14.6541,40.3,93,90,17.27
422,Chesterville,US,2021-11-28 04:14:10,44.5512,-70.0862,26.19,68,41,8.86
423,San Bartolome De Tirajana,ES,2021-11-28 04:14:10,27.9248,-15.5733,52.27,77,40,13.8
424,Sayyan,YE,2021-11-28 04:14:10,15.1718,44.3244,49.23,54,0,4.65
425,Lugovoy,KZ,2021-11-28 04:14:10,42.9472,72.7644,33.28,47,3,1.9
426,Vestmannaeyjar,IS,2021-11-28 04:09:59,63.4427,-20.2734,37.65,76,100,8.81
427,Hammerfest,NO,2021-11-28 04:10:16,70.6634,23.6821,18.05,67,55,11.5
428,Pestyaki,RU,2021-11-28 04:14:11,56.7103,42.6717,33.91,98,100,11.07
429,Hobyo,SO,2021-11-28 04:14:11,5.3505,48.5268,80.96,76,65,10.92
430,Gwadar,PK,2021-11-28 04:14:12,25.1216,62.3254,77.05,32,0,8.39
431,Sisimiut,GL,2021-11-28 04:14:12,66.9395,-53.6735,27.46,89,100,10.18
432,Darab,IR,2021-11-28 04:14:12,28.7519,54.5444,61.7,38,0,3.44
433,Mongo,TD,2021-11-28 04:14:13,12.1844,18.693,71.56,15,71,5.23
434,Ellsworth,US,2021-11-28 04:14:13,44.5434,-68.4195,24.89,80,1,6.91
435,Yangambi,CD,2021-11-28 04:14:13,0.8102,24.4336,68.18,99,99,2.13
436,Jaynagar,IN,2021-11-28 04:14:14,26.5833,86.15,73.67,52,0,3.67
437,Sharjah,AE,2021-11-28 04:11:09,25.3573,55.4033,75.36,83,20,5.75
438,Padang,ID,2021-11-28 04:14:14,-0.9492,100.3543,80.65,65,99,3.67
439,Golub-Dobrzyn,PL,2021-11-28 04:14:15,53.1109,19.0538,31.42,93,57,6.71
440,Catamayo,EC,2021-11-28 04:14:15,-3.9833,-79.35,65.48,95,98,0.56
441,Jhalida,IN,2021-11-28 04:14:15,23.3667,85.9667,70.34,46,71,3.65
442,Certaldo,IT,2021-11-28 04:14:16,43.547,11.0402,49.15,68,100,11.21
443,Kukushtan,RU,2021-11-28 04:14:16,57.6464,56.4952,24.42,87,75,7.94
444,Penal,TT,2021-11-28 04:14:16,10.1667,-61.4667,76.86,89,80,8.01
445,Komsomolskiy,UZ,2021-11-28 04:14:17,40.4272,71.7189,34.52,80,33,9.22
446,Elmadag,TR,2021-11-28 04:14:17,39.9208,33.2308,44.46,95,100,6.11
447,Shakawe,BW,2021-11-28 04:14:17,-18.3667,21.85,70.18,70,25,6.29
448,Pijao,CO,2021-11-28 04:14:18,4.3342,-75.7035,61.39,96,45,4.12
449,Kjollefjord,NO,2021-11-28 04:14:18,70.9457,27.3465,10.18,84,29,12.66
450,Romilly-Sur-Seine,FR,2021-11-28 04:14:18,48.5108,3.7263,37.78,88,100,18.14
451,Ouadda,CF,2021-11-28 04:14:19,8.0777,22.4007,65.8,30,88,3.13
452,Kidal,ML,2021-11-28 04:14:19,18.4411,1.4078,73.85,23,31,3.98
453,Benguela,AO,2021-11-28 04:14:19,-12.5763,13.4055,74.35,82,99,1.07
454,Portobelo,PA,2021-11-28 04:14:20,9.55,-79.65,76.53,87,97,8.14
455,Coihaique,CL,2021-11-28 04:14:20,-45.5752,-72.0662,48.15,61,75,3.44
456,Malakal,SS,2021-11-28 04:14:20,9.5334,31.6605,77.0,42,5,3.22
457,Logansport,US,2021-11-28 04:14:21,40.7545,-86.3567,37.31,55,75,8.05
458,Summerside,CA,2021-11-28 04:14:21,46.3959,-63.7876,30.54,69,99,23.02
459,Aketi,CD,2021-11-28 04:14:21,2.7388,23.7833,71.31,86,99,1.07
460,Beyneu,KZ,2021-11-28 04:14:22,45.3167,55.2,30.4,53,46,12.1
461,Aripuana,BR,2021-11-28 04:14:22,-9.1667,-60.6333,72.14,99,80,2.04
462,La Palma,US,2021-11-28 04:13:35,33.8464,-118.0467,67.51,71,1,0.0
463,Faya,SA,2021-11-28 04:15:22,18.3851,42.4509,52.32,48,0,6.64
464,Lethem,GY,2021-11-28 04:15:23,3.3803,-59.7968,76.68,85,71,6.46
465,Santa Vitoria Do Palmar,BR,2021-11-28 04:15:23,-33.5189,-53.3681,67.62,83,100,8.52
466,Belle Glade,US,2021-11-28 04:12:39,26.6845,-80.6676,64.38,76,19,7.4
467,Saint-Louis,SN,2021-11-28 04:11:12,16.3333,-15.0,74.91,33,0,14.61
468,Zemio,CF,2021-11-28 04:15:24,5.0314,25.1361,67.69,47,50,2.15
469,Marsabit,KE,2021-11-28 04:15:24,2.3284,37.9899,64.0,86,71,8.1
470,Wajid,SO,2021-11-28 04:15:25,3.8093,43.2471,74.44,82,33,10.98
471,Chingola,ZM,2021-11-28 04:15:25,-12.529,27.8838,58.53,94,46,4.18
472,Abha,SA,2021-11-28 04:15:25,18.2164,42.5053,52.05,54,0,5.75
473,Wagar,SD,2021-11-28 04:15:26,16.1525,36.2032,73.74,82,0,10.02
474,Atasu,KZ,2021-11-28 04:15:26,48.6814,71.6433,11.35,81,12,6.38
475,Aksu,CN,2021-11-28 04:15:26,41.1231,80.2644,30.6,49,0,4.68
476,Kutum,SD,2021-11-28 04:15:27,14.2,24.6667,60.4,25,1,7.07
477,Oxford,GB,2021-11-28 04:15:27,51.7522,-1.256,32.59,69,39,10.36
478,Kasiri,SL,2021-11-28 04:15:27,8.9412,-13.1148,78.85,86,68,4.54
479,Les Cayes,HT,2021-11-28 04:15:28,18.2,-73.75,73.87,84,50,6.67
480,Khromtau,KZ,2021-11-28 04:15:28,50.2503,58.4347,16.38,81,95,7.85
481,Calama,CL,2021-11-28 04:14:07,-22.4667,-68.9333,48.69,27,65,9.22
482,Degtyarsk,RU,2021-11-28 04:15:29,56.704,60.0879,19.72,66,38,7.67
483,Rehoboth,NA,2021-11-28 04:15:29,-23.3167,17.0833,59.16,23,0,4.74
484,Araouane,ML,2021-11-28 04:15:29,18.9048,-3.5265,71.4,31,98,11.36
485,Husavik,IS,2021-11-28 04:15:30,66.0449,-17.3389,30.11,87,100,9.95
486,Abalak,RU,2021-11-28 04:15:30,58.1286,68.5944,21.07,96,96,6.82
487,Pangody,RU,2021-11-28 04:15:30,65.85,74.4859,-5.78,100,87,8.05
488,Gobabis,NA,2021-11-28 04:15:31,-22.45,18.9667,65.46,14,6,7.67
489,Pudozh,RU,2021-11-28 04:15:31,61.8099,36.5345,17.51,82,100,12.12
490,Marystown,CA,2021-11-28 04:15:31,47.1666,-55.1483,47.43,80,80,18.1
491,Santa Rita,BR,2021-11-28 04:15:32,-7.1139,-34.9781,79.47,83,20,3.44
492,Conde,BR,2021-11-28 04:15:32,-7.2597,-34.9075,78.26,83,20,3.44
493,Huntsville,US,2021-11-28 04:12:17,34.7304,-86.5861,45.99,58,1,4.61
494,Carutapera,BR,2021-11-28 04:15:32,-1.195,-46.02,78.24,83,9,5.44
495,Kinkala,CG,2021-11-28 04:15:33,-4.3614,14.7644,67.89,98,64,1.34
496,Bria,CF,2021-11-28 04:15:33,6.5423,21.9863,66.13,43,91,4.05
497,Saint-Jerome,CA,2021-11-28 04:15:34,45.7804,-74.0036,20.68,79,1,4.61
498,Marsh Harbour,BS,2021-11-28 04:15:34,26.5412,-77.0636,71.91,66,14,7.05
499,San Rafael,AR,2021-11-28 04:15:34,-34.6177,-68.3301,58.42,72,15,4.41
500,Cochrane,CA,2021-11-28 04:14:10,51.1834,-114.4687,41.27,93,90,4.61
501,Susurluk,TR,2021-11-28 04:15:35,39.9136,28.1578,64.89,66,60,19.6
502,Nouadhibou,MR,2021-11-28 04:15:35,20.931,-17.0347,64.38,68,0,28.77
503,Batouri,CM,2021-11-28 04:15:35,4.4333,14.3667,64.99,69,94,0.74
504,Freeport,US,2021-11-28 04:14:43,40.6576,-73.5832,36.18,50,40,0.0
505,Bristol,US,2021-11-28 04:15:36,41.8334,-71.1662,30.24,54,1,3.44
506,Ouro Preto Do Oeste,BR,2021-11-28 04:15:36,-10.7481,-62.2158,72.64,95,95,3.58
507,Norton,ZW,2021-11-28 04:15:37,-17.8833,30.7,58.59,79,2,3.78
508,Ochakiv,UA,2021-11-28 04:15:37,46.6128,31.5498,41.18,84,2,5.59
509,Maniitsoq,GL,2021-11-28 04:15:37,65.4167,-52.9,36.39,96,100,13.49
510,Bakchar,RU,2021-11-28 04:16:38,57.0186,82.0711,25.2,93,100,9.46
511,Maglajani,BA,2021-11-28 04:16:38,44.9486,17.3494,42.82,100,83,3.44
512,Kautokeino,NO,2021-11-28 04:16:38,69.0125,23.0412,-10.23,100,97,1.07
513,Laguna,US,2021-11-28 04:16:39,38.421,-121.4238,57.7,87,1,0.0
514,Myre,NO,2021-11-28 04:16:39,69.1036,15.9492,19.35,66,50,19.24
515,Corn Island,NI,2021-11-28 04:16:39,12.1694,-83.0418,81.03,76,49,19.3
516,El Limon,VE,2021-11-28 04:16:40,10.3059,-67.6321,71.46,93,24,3.47
517,Pasni,PK,2021-11-28 04:16:40,25.2631,63.471,76.1,33,0,7.02
518,Chongwe,ZM,2021-11-28 04:16:40,-15.3292,28.682,61.84,78,10,6.73
519,General Roca,AR,2021-11-28 04:16:41,-39.0333,-67.5833,66.6,59,33,7.99
520,Novo Aripuana,BR,2021-11-28 04:16:41,-5.1206,-60.3797,74.5,97,93,1.86
521,Beira,MZ,2021-11-28 04:16:41,-19.8436,34.8389,71.69,83,20,6.91
522,Pottsville,US,2021-11-28 04:16:42,40.6857,-76.1955,34.52,66,100,5.1
523,Mahon,ES,2021-11-28 04:16:42,39.8885,4.2658,41.56,93,20,4.61
524,Orangeburg,US,2021-11-28 04:16:42,33.4918,-80.8557,43.09,70,1,3.44
525,Owando,CG,2021-11-28 04:16:43,-0.4819,15.8999,69.44,97,76,2.39
526,Zhanaozen,KZ,2021-11-28 04:16:43,43.3,52.8,34.84,36,3,10.2
527,Tiznit,MA,2021-11-28 04:16:44,29.5833,-9.5,49.66,80,0,4.05
528,Malmyzh,RU,2021-11-28 04:16:44,56.5205,50.6818,23.23,93,93,16.31
529,Chingirlau,KZ,2021-11-28 04:16:44,51.095,54.0814,24.89,76,95,10.54
530,Lovozero,RU,2021-11-28 04:16:45,68.005,35.0117,-1.48,92,72,4.72
531,Sheboygan,US,2021-11-28 04:16:45,43.7333,-87.9334,33.78,74,90,10.36
532,Bogande,BF,2021-11-28 04:16:45,12.9714,-0.1436,74.73,17,15,7.63
533,Gweta,BW,2021-11-28 04:16:46,-20.1833,25.2333,73.33,49,12,15.05
534,Terrace Bay,CA,2021-11-28 04:16:46,48.7834,-87.1,29.82,90,100,6.82
535,Rengo,CL,2021-11-28 04:16:46,-34.4167,-70.8667,58.03,64,1,2.46
536,Shurugwi,ZW,2021-11-28 04:16:47,-19.6702,30.0059,56.71,74,4,3.02
537,Vuktyl,RU,2021-11-28 04:16:47,63.8567,57.3094,5.9,96,100,3.85
538,Staryy Nadym,RU,2021-11-28 04:16:47,65.6118,72.6842,-3.98,100,94,8.61
539,Burgos,ES,2021-11-28 04:16:48,42.3394,-3.7079,32.41,100,75,5.75
540,Taywarah,AF,2021-11-28 04:16:48,33.35,64.4167,31.12,61,74,1.25
541,Kutno,PL,2021-11-28 04:16:49,52.2306,19.3641,32.81,96,26,5.61
542,Ravar,IR,2021-11-28 04:16:49,31.2656,56.8055,54.81,45,0,2.15
543,Pavlodar,KZ,2021-11-28 04:16:49,52.3,76.95,17.4,57,0,15.66
544,Kambove,CD,2021-11-28 04:16:50,-10.8764,26.5969,59.2,96,83,4.12
545,Hvide Sande,DK,2021-11-28 04:16:50,56.0045,8.1294,36.18,85,100,12.64
546,Nsanje,MW,2021-11-28 04:16:50,-16.92,35.262,68.23,79,0,2.39
547,Matay,EG,2021-11-28 04:16:51,28.419,30.7792,64.47,36,29,1.1
548,Quatre Cocos,MU,2021-11-28 04:16:51,-20.2078,57.7625,80.71,66,0,10.16
549,Shahrud,IR,2021-11-28 04:16:51,36.4182,54.9763,42.35,59,1,2.93
550,Hualmay,PE,2021-11-28 04:16:52,-11.0964,-77.6139,65.32,88,100,8.66
551,Qena,EG,2021-11-28 04:16:52,26.1615,32.7183,66.22,20,5,4.41
552,Riyadh,SA,2021-11-28 04:16:53,24.6877,46.7219,64.45,34,0,5.75
553,Ilo,PE,2021-11-28 04:16:53,-17.6394,-71.3375,65.39,83,100,8.12
554,Vievis,LT,2021-11-28 04:16:53,54.7667,24.8,33.1,98,100,8.01
555,Constantine,DZ,2021-11-28 04:16:54,36.365,6.6147,47.61,66,40,10.36
556,Quepos,CR,2021-11-28 04:16:54,9.4236,-84.1652,79.9,86,63,2.24
557,Vila Velha,BR,2021-11-28 04:16:54,-20.3297,-40.2925,73.35,83,20,10.36
558,Coruripe,BR,2021-11-28 04:17:55,-10.1256,-36.1756,78.39,79,96,14.97
559,Mwinilunga,ZM,2021-11-28 04:17:55,-11.7358,24.4293,59.02,98,93,3.6
560,Addanki,IN,2021-11-28 04:17:56,15.8167,79.9833,77.14,83,100,11.18
561,Gumdag,TM,2021-11-28 04:17:56,39.2061,54.5906,44.13,48,2,11.63
562,Rijkevorsel,BE,2021-11-28 04:17:57,51.3504,4.7624,38.28,92,100,1.63
563,Motala,SE,2021-11-28 04:17:57,58.5371,15.0365,29.97,72,100,14.72
564,Les Escoumins,CA,2021-11-28 04:17:57,48.1111,-69.0236,24.15,81,100,18.23
565,Bartica,GY,2021-11-28 04:17:58,6.4,-58.6167,75.52,99,100,1.79
566,Mayumba,GA,2021-11-28 04:17:58,-3.432,10.6554,75.54,87,99,3.31
567,Oneonta,US,2021-11-28 04:17:58,42.4529,-75.0638,23.9,83,87,4.5
568,Ichnya,UA,2021-11-28 04:17:59,50.8626,32.3942,37.18,86,5,4.0
569,Dunmore Town,BS,2021-11-28 04:17:59,25.5,-76.65,73.92,72,26,10.09
570,Moroto,UG,2021-11-28 04:17:59,2.5345,34.6666,67.64,71,100,5.3
571,Palm Beach,US,2021-11-28 04:15:39,26.6503,-80.4498,64.38,80,19,5.53
572,Itaobim,BR,2021-11-28 04:18:00,-16.5667,-41.8333,67.66,99,100,3.76
573,Marion,US,2021-11-28 04:13:15,39.7684,-86.1555,43.14,73,1,9.22
574,Salaga,GH,2021-11-28 04:16:17,8.5508,-0.5188,77.88,65,52,4.14
575,Piacabucu,BR,2021-11-28 04:18:02,-10.4056,-36.4344,78.82,78,84,12.39
576,Montmagny,FR,2021-11-28 04:18:02,48.9734,2.3469,41.56,90,90,10.36
577,Alma,CA,2021-11-28 04:18:03,48.5501,-71.6491,24.01,86,100,19.26
578,Sobradinho,BR,2021-11-28 04:18:03,-12.8333,-39.1,72.45,95,90,1.86
579,Ust-Tsilma,RU,2021-11-28 04:18:03,65.441,52.1498,-7.31,100,76,2.64
580,Pitimbu,BR,2021-11-28 04:18:04,-7.4706,-34.8086,79.39,74,75,9.62
581,Union City,US,2021-11-28 04:18:04,37.5958,-122.0192,60.69,59,1,9.22
582,Sistranda,NO,2021-11-28 04:18:04,63.7256,8.834,21.16,63,2,6.93
583,Margate,GB,2021-11-28 04:18:05,51.3813,1.3862,37.11,80,100,33.38
