City_ID,City,Country,Lat,Lng,Max Temp,Humidity,Cloudiness,Wind Speed,Current Description,Date
0,Masunga,BW,-20.6246,27.4488,91.58,24,9,15.46,clear sky,2021-12-04 08:20:50
1,Saint-Philippe,RE,-21.3585,55.7679,88.11,73,12,13.76,few clouds,2021-12-04 08:20:50
2,Coihaique,CL,-45.5752,-72.0662,48.81,81,0,4.61,clear sky,2021-12-04 08:16:21
3,Kruisfontein,ZA,-34.0033,24.7314,65.88,60,100,10.92,overcast clouds,2021-12-04 08:20:50
4,Codrington,AU,-38.2667,141.9667,57.87,67,100,11.99,overcast clouds,2021-12-04 08:20:51
5,Lagoa,PT,39.05,-27.9833,64.06,87,100,10.94,overcast clouds,2021-12-04 08:20:51
6,Lasa,IT,46.6166,10.7002,32.74,71,90,3.04,overcast clouds,2021-12-04 08:20:51
7,Victoria,HK,22.2855,114.1577,71.19,37,77,1.01,broken clouds,2021-12-04 08:16:02
8,Hermanus,ZA,-34.4187,19.2345,69.91,65,100,17.43,overcast clouds,2021-12-04 08:20:52
9,Iqaluit,CA,63.7506,-68.5145,1.13,77,75,18.99,broken clouds,2021-12-04 08:20:52
10,Ushuaia,AR,-54.8,-68.3,46.06,49,20,5.75,few clouds,2021-12-04 08:20:53
11,Chuy,UY,-33.6971,-53.4616,58.39,90,33,3.06,scattered clouds,2021-12-04 08:20:15
12,Torbay,CA,47.6666,-52.7314,39.27,88,90,19.57,light rain,2021-12-04 08:20:53
13,Nosy Varika,MG,-20.5833,48.5333,82.6,65,39,8.23,scattered clouds,2021-12-04 08:20:54
14,Vardo,NO,70.3705,31.1107,24.4,71,38,11.81,scattered clouds,2021-12-04 08:20:54
15,San Cristobal,VE,7.7669,-72.225,63.32,86,99,1.43,overcast clouds,2021-12-04 08:20:54
16,Richards Bay,ZA,-28.783,32.0377,80.62,64,100,7.58,overcast clouds,2021-12-04 08:20:55
17,Touros,BR,-5.1989,-35.4608,79.7,80,100,12.8,overcast clouds,2021-12-04 08:20:55
18,Bredasdorp,ZA,-34.5322,20.0403,68.29,61,100,17.9,overcast clouds,2021-12-04 08:20:55
19,Paamiut,GL,61.994,-49.6678,40.93,68,100,49.93,overcast clouds,2021-12-04 08:20:56
20,Cape Town,ZA,-33.9258,18.4232,72.1,66,0,5.01,clear sky,2021-12-04 08:20:03
21,Tasiilaq,GL,65.6145,-37.6368,19.56,58,100,4.09,overcast clouds,2021-12-04 08:20:56
22,Hithadhoo,MV,-0.6,73.0833,81.88,77,43,10.63,scattered clouds,2021-12-04 08:20:57
23,Margate,GB,51.3813,1.3862,43.95,95,100,1.99,moderate rain,2021-12-04 08:20:57
24,Tarnos,FR,43.5417,-1.4628,54.32,86,90,9.22,light rain,2021-12-04 08:20:57
25,Santa Helena De Goias,BR,-17.8136,-50.5969,74.53,69,81,2.71,broken clouds,2021-12-04 08:20:58
26,Jalingo,NG,8.8833,11.3667,86.86,24,14,3.69,few clouds,2021-12-04 08:20:58
27,Tucuma,BR,-0.1833,-50.05,74.57,93,100,5.91,moderate rain,2021-12-04 08:20:59
28,Xuddur,SO,4.1213,43.8894,84.45,43,6,18.07,clear sky,2021-12-04 08:20:59
29,Kem,RU,64.9555,34.5793,19.8,78,100,13.53,overcast clouds,2021-12-04 08:20:59
30,Saint George,US,37.1041,-113.5841,48.54,42,1,3.44,clear sky,2021-12-04 08:21:00
31,Khipro,PK,25.8285,69.3772,82.89,16,0,7.49,clear sky,2021-12-04 08:21:00
32,Mercedes,AR,-34.6515,-59.4307,64.85,70,100,8.43,light rain,2021-12-04 08:21:01
33,Sainte-Maxime,FR,43.3,6.6333,55.69,76,77,14.25,broken clouds,2021-12-04 08:21:01
34,Mar Del Plata,AR,-38.0023,-57.5575,58.08,81,90,5.99,overcast clouds,2021-12-04 08:21:01
35,Longyearbyen,SJ,78.2186,15.6401,35.44,60,40,26.46,light rain and snow,2021-12-04 08:21:02
36,Nioaque,BR,-21.1353,-55.83,73.78,66,2,3.04,clear sky,2021-12-04 08:21:02
37,Upernavik,GL,72.7868,-56.1549,5.95,71,50,8.77,scattered clouds,2021-12-04 08:21:02
38,Mahebourg,MU,-20.4081,57.7,86.29,62,40,14.97,scattered clouds,2021-12-04 08:21:03
39,Irtyshskiy,RU,58.3333,68.1333,23.04,92,52,6.71,broken clouds,2021-12-04 08:21:03
40,Necochea,AR,-38.5473,-58.7368,45.03,82,2,7.63,clear sky,2021-12-04 08:21:04
41,Georgetown,MY,5.4112,100.3354,89.55,64,40,1.01,scattered clouds,2021-12-04 08:17:32
42,Port Alfred,ZA,-33.5906,26.891,68.68,77,100,13.89,overcast clouds,2021-12-04 08:21:04
43,Jamestown,US,42.097,-79.2353,36.72,92,90,1.99,overcast clouds,2021-12-04 08:22:04
44,Dikson,RU,73.5069,80.5464,-23.19,98,31,7.94,scattered clouds,2021-12-04 08:22:05
45,Arona,ES,28.0996,-16.681,64.13,58,20,1.99,few clouds,2021-12-04 08:22:05
46,Keti Bandar,PK,24.1447,67.4497,81.84,23,0,6.53,clear sky,2021-12-04 08:22:06
47,Kemijarvi,FI,66.7131,27.4306,4.01,97,30,4.52,scattered clouds,2021-12-04 08:22:06
48,Dharmadam,IN,11.7833,75.4333,84.63,66,54,6.91,broken clouds,2021-12-04 08:22:06
49,Katakwi,UG,1.8911,33.9661,86.11,32,28,5.99,scattered clouds,2021-12-04 08:22:07
50,Busselton,AU,-33.65,115.3333,89.1,37,9,11.34,clear sky,2021-12-04 08:22:07
51,Arinos,BR,-15.9169,-46.1056,69.64,95,69,5.66,broken clouds,2021-12-04 08:22:07
52,Harper,LR,4.375,-7.7169,81.1,79,90,8.75,overcast clouds,2021-12-04 08:22:08
53,Namibe,AO,-15.1961,12.1522,77.85,62,97,5.86,overcast clouds,2021-12-04 08:22:08
54,Vangaindrano,MG,-23.35,47.6,85.42,61,47,11.14,scattered clouds,2021-12-04 08:22:08
55,Pangnirtung,CA,66.1451,-65.7125,17.13,86,100,6.91,light snow,2021-12-04 08:22:09
56,Junin,AR,-34.5838,-60.9433,60.73,85,100,9.64,overcast clouds,2021-12-04 08:22:09
57,Placido De Castro,BR,-10.3353,-67.1856,72.77,92,100,2.64,overcast clouds,2021-12-04 08:22:09
58,Corn Island,NI,12.1694,-83.0418,80.49,81,100,18.68,overcast clouds,2021-12-04 08:22:10
59,Punta Arenas,CL,-53.15,-70.9167,46.51,87,75,8.05,light rain,2021-12-04 08:22:10
60,Umm Kaddadah,SD,13.6017,26.6876,81.28,25,0,15.01,clear sky,2021-12-04 08:22:10
61,Yar-Sale,RU,66.8333,70.8333,-7.37,96,100,10.74,light snow,2021-12-04 08:22:11
62,East London,ZA,-33.0153,27.9116,65.34,94,75,9.22,broken clouds,2021-12-04 08:22:11
63,Thohoyandou,ZA,-22.9456,30.485,81.54,55,80,6.26,broken clouds,2021-12-04 08:22:12
64,Kaduqli,SD,11.0167,29.7167,90.93,20,0,13.15,clear sky,2021-12-04 08:22:12
65,Tarboro,US,35.8968,-77.5358,48.58,93,1,3.44,mist,2021-12-04 08:22:12
66,Bathsheba,BB,13.2167,-59.5167,79.41,78,40,14.97,scattered clouds,2021-12-04 08:22:13
67,Vetapalem,IN,15.7833,80.3167,81.48,60,100,8.88,overcast clouds,2021-12-04 08:22:13
68,Chipinge,ZW,-20.1883,32.6236,89.55,28,56,3.69,broken clouds,2021-12-04 08:22:13
69,Taybad,IR,34.74,60.7756,42.85,71,91,5.91,overcast clouds,2021-12-04 08:22:14
70,Narsaq,GL,60.9167,-46.05,43.02,96,100,18.9,moderate rain,2021-12-04 08:22:14
71,Muros,ES,42.7762,-9.0603,57.24,91,26,12.71,scattered clouds,2021-12-04 08:22:14
72,Ilulissat,GL,69.2167,-51.1,19.42,42,100,20.71,overcast clouds,2021-12-04 08:22:14
73,Talcahuano,CL,-36.7167,-73.1167,49.68,93,0,8.05,clear sky,2021-12-04 08:20:15
74,Ribeira Grande,PT,38.5167,-28.7,63.0,94,40,3.44,scattered clouds,2021-12-04 08:22:15
75,Harnosand,SE,62.6323,17.9379,28.99,86,100,15.26,light snow,2021-12-04 08:22:16
76,Tsabong,BW,-26.0217,22.401,68.43,77,100,13.18,light rain,2021-12-04 08:22:16
77,Carutapera,BR,-1.195,-46.02,76.12,93,100,4.29,overcast clouds,2021-12-04 08:22:16
78,Adeje,ES,28.1227,-16.726,68.31,57,20,1.99,few clouds,2021-12-04 08:22:16
79,Portobelo,PA,9.55,-79.65,76.82,87,51,12.75,broken clouds,2021-12-04 08:22:17
80,Ripky,UA,51.801,31.0838,31.1,89,77,6.64,broken clouds,2021-12-04 08:22:17
81,Port Hawkesbury,CA,45.6169,-61.3485,29.59,91,90,13.0,light snow,2021-12-04 08:22:17
82,Andenes,NO,69.3143,16.1194,22.98,58,2,14.97,clear sky,2021-12-04 08:22:18
83,Iranshahr,IR,27.2025,60.6848,71.94,46,0,6.91,clear sky,2021-12-04 08:22:18
84,Derzhavinsk,KZ,51.1,66.3167,28.11,92,100,12.86,overcast clouds,2021-12-04 08:22:19
85,Luderitz,NA,-26.6481,15.1594,65.48,67,38,19.17,scattered clouds,2021-12-04 08:22:19
86,Aksu,CN,41.1231,80.2644,37.45,30,100,0.63,overcast clouds,2021-12-04 08:22:19
87,Durban,ZA,-29.8579,31.0292,74.32,87,100,1.01,overcast clouds,2021-12-04 08:22:20
88,Najran,SA,17.4924,44.1277,68.65,17,0,5.77,clear sky,2021-12-04 08:22:20
89,Clyde River,CA,70.4692,-68.5914,8.83,85,100,28.77,light snow,2021-12-04 08:22:20
90,Vuktyl,RU,63.8567,57.3094,-6.23,92,100,6.73,overcast clouds,2021-12-04 08:23:21
91,Cidreira,BR,-30.1811,-50.2056,68.14,83,25,16.8,scattered clouds,2021-12-04 08:23:21
92,Bambous Virieux,MU,-20.3428,57.7575,86.25,62,40,14.97,scattered clouds,2021-12-04 08:23:21
93,Tarko-Sale,RU,64.9225,77.785,-9.72,88,100,4.97,overcast clouds,2021-12-04 08:23:21
94,Caldelas,PT,41.671,-8.3815,57.65,99,100,2.48,overcast clouds,2021-12-04 08:23:22
95,Bud,US,39.447,-86.1758,40.69,89,25,7.96,scattered clouds,2021-12-04 08:23:22
96,Asyut,EG,27.181,31.1837,67.41,35,94,1.92,overcast clouds,2021-12-04 08:23:22
97,Oranjemund,NA,-28.55,16.4333,68.41,57,90,26.69,overcast clouds,2021-12-04 08:23:23
98,Beloha,MG,-25.1667,45.05,103.77,12,0,3.11,clear sky,2021-12-04 08:23:23
99,Arraial Do Cabo,BR,-22.9661,-42.0278,62.56,79,20,0.0,few clouds,2021-12-04 08:23:23
100,Qaanaaq,GL,77.484,-69.3632,3.61,77,16,7.02,few clouds,2021-12-04 08:23:24
101,Oktyabrskoye,RU,43.0645,44.7417,42.94,61,7,2.24,clear sky,2021-12-04 08:23:24
102,Port Elizabeth,ZA,-33.918,25.5701,68.09,77,90,6.91,overcast clouds,2021-12-04 08:23:24
103,Dovolnoye,RU,54.4958,79.6671,21.99,94,100,14.32,overcast clouds,2021-12-04 08:23:25
104,Pervomayskiy,RU,53.2485,40.2871,28.13,77,17,13.73,few clouds,2021-12-04 08:23:25
105,Sao Filipe,CV,14.8961,-24.4956,73.99,73,100,9.22,overcast clouds,2021-12-04 08:23:25
106,Quatre Cocos,MU,-20.2078,57.7625,86.11,66,8,13.2,clear sky,2021-12-04 08:23:26
107,Satipo,PE,-11.2522,-74.6386,69.22,93,100,1.48,overcast clouds,2021-12-04 08:23:26
108,Nanortalik,GL,60.1432,-45.2371,37.8,86,100,34.74,heavy intensity rain,2021-12-04 08:23:27
109,Zemio,CF,5.0314,25.1361,86.59,50,99,4.0,overcast clouds,2021-12-04 08:23:27
110,Tias,ES,28.9611,-13.645,64.15,82,20,11.5,few clouds,2021-12-04 08:23:27
111,Rize,TR,40.9044,40.8949,41.45,48,1,3.89,clear sky,2021-12-04 08:23:28
112,Bell Ville,AR,-32.6259,-62.6887,62.8,52,82,7.7,broken clouds,2021-12-04 08:23:28
113,Itarema,BR,-2.9248,-39.9167,81.3,71,84,13.22,broken clouds,2021-12-04 08:23:28
114,Saraland,US,30.8207,-88.0706,55.65,92,100,2.89,overcast clouds,2021-12-04 08:23:29
115,Dwarka,IN,22.2394,68.9678,79.23,46,0,11.21,clear sky,2021-12-04 08:18:50
116,Berbera,SO,10.4396,45.0143,82.22,53,0,11.34,clear sky,2021-12-04 08:23:29
117,Masindi,UG,1.6744,31.715,82.47,49,98,2.13,overcast clouds,2021-12-04 08:23:30
118,Rundu,NA,-17.9333,19.7667,87.03,37,100,5.61,overcast clouds,2021-12-04 08:23:30
119,Catamarca,AR,-28.4696,-65.7852,73.78,68,97,5.01,overcast clouds,2021-12-04 08:20:44
120,Kapoeta,SS,4.7717,33.5903,90.64,33,8,22.82,clear sky,2021-12-04 08:23:30
121,Saint-Francois,FR,46.4154,3.9054,49.68,90,90,8.05,light rain,2021-12-04 08:23:31
122,Yenagoa,NG,4.9247,6.2642,82.83,76,99,2.28,overcast clouds,2021-12-04 08:23:31
123,Kuryk,KZ,43.2,51.65,47.82,64,66,24.54,broken clouds,2021-12-04 08:23:31
124,Grand Gaube,MU,-20.0064,57.6608,86.4,66,3,8.01,clear sky,2021-12-04 08:23:32
125,Sambava,MG,-14.2667,50.1667,84.09,64,10,11.95,clear sky,2021-12-04 08:23:32
126,Vredendal,ZA,-31.6683,18.5012,65.01,78,100,9.98,light rain,2021-12-04 08:23:32
127,Fomboni,KM,-12.28,43.7425,81.91,73,12,8.37,few clouds,2021-12-04 08:23:33
128,Guarapari,BR,-20.6667,-40.4975,69.89,90,92,4.94,overcast clouds,2021-12-04 08:23:33
129,Saint Anthony,US,45.0205,-93.218,32.25,63,1,1.99,clear sky,2021-12-04 08:23:33
130,Porto Novo,BJ,6.4965,2.6036,84.02,73,99,1.9,overcast clouds,2021-12-04 08:23:34
131,Plettenberg Bay,ZA,-34.0527,23.3716,65.62,72,100,8.7,overcast clouds,2021-12-04 08:23:34
132,Tocache,PE,-8.1842,-76.5125,70.07,95,100,0.63,overcast clouds,2021-12-04 08:23:34
133,Obigarm,TJ,38.7173,69.7088,52.65,23,100,1.81,overcast clouds,2021-12-04 08:23:35
134,Grindavik,IS,63.8424,-22.4338,30.67,100,20,3.44,few clouds,2021-12-04 08:23:35
135,Jiblah,YE,13.9216,44.1467,64.92,26,0,2.57,clear sky,2021-12-04 08:24:35
136,Mehamn,NO,71.0357,27.8492,17.15,78,52,12.73,broken clouds,2021-12-04 08:24:35
137,Aksay,RU,47.26,39.87,53.82,70,100,11.99,overcast clouds,2021-12-04 08:24:36
138,Havelock,US,34.8791,-76.9013,53.55,86,49,5.03,scattered clouds,2021-12-04 08:24:36
139,Forecariah,GN,9.4306,-13.0881,80.46,86,25,1.32,scattered clouds,2021-12-04 08:24:37
140,Maunabo,PR,18.0072,-65.8993,78.71,90,11,10.36,few clouds,2021-12-04 08:24:37
141,Iskateley,RU,67.6803,53.1512,-15.09,100,28,1.79,scattered clouds,2021-12-04 08:24:37
142,Quepos,CR,9.4236,-84.1652,79.9,86,34,3.42,scattered clouds,2021-12-04 08:24:38
143,Warrington,GB,53.3925,-2.5802,43.99,87,75,10.0,broken clouds,2021-12-04 08:24:38
144,Kulhudhuffushi,MV,6.6221,73.07,81.9,74,45,4.76,scattered clouds,2021-12-04 08:24:38
145,Kristiinankaupunki,FI,62.2743,21.376,14.54,89,62,10.09,broken clouds,2021-12-04 08:24:39
146,Butembo,CD,0.15,29.2833,74.44,49,94,2.66,overcast clouds,2021-12-04 08:24:39
147,Vieux-Habitants,GP,16.0589,-61.7659,72.97,80,87,10.25,overcast clouds,2021-12-04 08:24:39
148,Kuhdasht,IR,33.535,47.6061,53.11,27,9,1.54,clear sky,2021-12-04 08:24:40
149,Koungheul,SN,13.9833,-14.8,76.93,17,91,5.97,overcast clouds,2021-12-04 08:24:40
150,Tessalit,ML,20.1986,1.0114,67.14,19,32,12.91,scattered clouds,2021-12-04 08:24:40
151,Cervo,ES,43.6702,-7.4101,57.2,80,66,15.88,broken clouds,2021-12-04 08:24:41
152,Aswan,EG,24.0934,32.907,74.75,30,2,7.63,clear sky,2021-12-04 08:24:41
153,Mazagao,BR,-0.115,-51.2894,77.05,93,100,3.06,light rain,2021-12-04 08:24:41
154,Laguna,US,38.421,-121.4238,52.61,96,90,4.61,fog,2021-12-04 08:24:42
155,Kargasok,RU,59.0556,80.8572,23.49,81,96,14.12,overcast clouds,2021-12-04 08:24:42
156,Marrakesh,MA,31.6315,-8.0083,41.07,87,0,4.61,clear sky,2021-12-04 08:24:42
157,Emba,KZ,48.8264,58.1442,34.74,82,100,6.35,overcast clouds,2021-12-04 08:24:43
158,Urumqi,CN,43.801,87.6005,23.95,63,93,2.24,smoke,2021-12-04 08:24:43
159,Kurdzhinovo,RU,43.9884,40.9552,51.67,46,35,2.59,scattered clouds,2021-12-04 08:24:43
160,Jaicos,BR,-7.3592,-41.1378,73.74,81,86,3.33,light rain,2021-12-04 08:24:44
161,Mormugao,IN,15.4,73.8,83.46,74,75,5.75,broken clouds,2021-12-04 08:24:44
162,Cape Canaveral,US,28.4058,-80.6048,59.0,91,1,4.61,clear sky,2021-12-04 08:24:44
163,Klaksvik,FO,62.2266,-6.589,34.72,75,90,10.51,light rain,2021-12-04 08:24:45
164,Bonavista,CA,48.6499,-53.1147,40.12,70,89,30.96,overcast clouds,2021-12-04 08:24:45
165,Rio Gallegos,AR,-51.6226,-69.2181,48.25,66,0,6.91,clear sky,2021-12-04 08:24:45
166,Sechura,PE,-5.5569,-80.8222,64.89,87,100,8.48,overcast clouds,2021-12-04 08:24:46
167,Usinsk,RU,65.9939,57.5281,-16.73,100,77,8.39,broken clouds,2021-12-04 08:24:14
168,Tobermory,CA,45.2501,-81.6665,33.31,77,100,26.19,light snow,2021-12-04 08:24:46
169,Port Shepstone,ZA,-30.7414,30.455,71.4,78,100,5.28,light rain,2021-12-04 08:24:46
170,Ust-Shonosha,RU,61.1531,41.343,7.18,93,100,13.82,snow,2021-12-04 08:24:47
171,Saint-Augustin,CA,51.226,-58.6502,17.94,64,100,19.51,overcast clouds,2021-12-04 08:24:47
172,Buraydah,SA,26.326,43.975,64.85,29,85,5.48,overcast clouds,2021-12-04 08:24:47
173,Inhambane,MZ,-23.865,35.3833,86.45,63,84,11.9,broken clouds,2021-12-04 08:24:48
174,Adrar,MR,20.5022,-10.0711,63.3,23,97,10.65,overcast clouds,2021-12-04 08:24:48
175,Ilebo,CD,-4.3167,20.5833,84.49,63,96,3.29,overcast clouds,2021-12-04 08:24:48
176,Cangucu,BR,-31.395,-52.6756,61.45,95,55,4.83,broken clouds,2021-12-04 08:24:49
177,Narragansett,US,41.4501,-71.4495,35.44,63,90,1.01,overcast clouds,2021-12-04 08:24:49
178,Springdale,US,36.1867,-94.1288,62.04,92,75,0.0,broken clouds,2021-12-04 08:21:55
179,Kovdor,RU,67.5662,30.4758,-5.53,100,97,0.69,overcast clouds,2021-12-04 08:24:50
180,Ibirite,BR,-20.0219,-44.0589,65.71,97,15,3.76,few clouds,2021-12-04 08:24:50
181,Preili,LV,56.2944,26.7246,23.0,91,100,3.62,overcast clouds,2021-12-04 08:25:50
182,Nouakchott,MR,18.0858,-15.9785,66.13,34,97,12.71,overcast clouds,2021-12-04 08:22:51
183,Opuwo,NA,-18.0607,13.84,81.77,34,21,6.64,few clouds,2021-12-04 08:25:51
184,Nizhnevartovsk,RU,60.9344,76.5531,17.62,93,75,4.47,shower snow,2021-12-04 08:25:51
185,Ponta Do Sol,PT,32.6667,-17.1,65.03,73,99,9.13,overcast clouds,2021-12-04 08:25:51
186,Rota,ES,36.6224,-6.3586,43.57,87,0,4.61,clear sky,2021-12-04 08:25:52
187,Pangody,RU,65.85,74.4859,-9.78,92,100,4.85,overcast clouds,2021-12-04 08:25:52
188,Dzilam Gonzalez,MX,21.2833,-88.9333,67.8,90,3,4.32,clear sky,2021-12-04 08:25:52
189,Itacurubi Del Rosario,PY,-24.5,-56.6833,67.03,56,21,4.32,few clouds,2021-12-04 08:25:52
190,Oranjestad,AW,12.524,-70.027,80.71,80,72,20.92,broken clouds,2021-12-04 08:25:53
191,Leningradskiy,RU,69.3833,178.4167,-3.14,83,100,16.13,overcast clouds,2021-12-04 08:25:53
192,Marsh Harbour,BS,26.5412,-77.0636,72.99,63,14,6.53,few clouds,2021-12-04 08:25:53
193,Key West,US,24.5557,-81.7826,71.6,76,1,5.75,clear sky,2021-12-04 08:25:54
194,Koslan,RU,63.4564,48.8989,0.91,81,100,13.33,overcast clouds,2021-12-04 08:25:54
195,Paita,PE,-5.0892,-81.1144,64.65,89,90,9.13,overcast clouds,2021-12-04 08:25:54
196,Humberto De Campos,BR,-2.5983,-43.4611,76.53,92,100,4.88,overcast clouds,2021-12-04 08:25:55
197,Paragominas,BR,-2.9667,-47.4833,71.42,99,97,1.16,overcast clouds,2021-12-04 08:22:02
198,Ferrol,ES,43.4832,-8.2369,54.72,79,36,12.41,scattered clouds,2021-12-04 08:25:55
199,Vila Velha,BR,-20.3297,-40.2925,69.94,93,40,2.3,scattered clouds,2021-12-04 08:25:56
200,Oil City,US,41.4339,-79.7064,34.57,93,75,0.0,broken clouds,2021-12-04 08:25:56
201,Bengkulu,ID,-3.8004,102.2655,82.06,82,100,12.19,light rain,2021-12-04 08:25:56
202,Vieques,PR,18.425,-65.8329,78.91,78,40,0.0,scattered clouds,2021-12-04 08:25:57
203,Lundazi,ZM,-12.2929,33.1782,88.27,28,9,10.33,clear sky,2021-12-04 08:25:57
204,Pimentel,PE,-6.8367,-79.9342,64.26,91,97,10.18,overcast clouds,2021-12-04 08:25:57
205,Valparaiso,CL,-33.0393,-71.6273,49.64,81,0,3.44,clear sky,2021-12-04 08:25:58
206,Aiken,US,33.5835,-81.5998,61.09,86,1,6.91,clear sky,2021-12-04 08:25:58
207,Amot,NO,59.5714,7.9877,16.5,95,100,2.8,overcast clouds,2021-12-04 08:25:58
208,Rey Bouba,CM,8.6724,14.1786,88.68,22,67,2.77,broken clouds,2021-12-04 08:25:58
209,Marsa Matruh,EG,31.3525,27.2453,63.37,54,100,11.81,overcast clouds,2021-12-04 08:25:59
210,Husavik,IS,66.0449,-17.3389,8.51,77,53,10.71,broken clouds,2021-12-04 08:25:59
211,Ypsonas,CY,34.6884,32.9574,63.57,59,90,14.97,overcast clouds,2021-12-04 08:25:59
212,Bahadurganj,IN,26.2667,87.8167,80.82,44,16,2.86,few clouds,2021-12-04 08:26:00
213,Araouane,ML,18.9048,-3.5265,66.69,21,11,13.18,few clouds,2021-12-04 08:26:00
214,General Pico,AR,-35.6566,-63.7568,60.26,97,100,5.73,overcast clouds,2021-12-04 08:26:00
215,Olafsvik,IS,64.8945,-23.7142,35.91,75,55,6.42,broken clouds,2021-12-04 08:26:01
216,Zabol,AF,32.25,67.25,54.48,18,0,1.48,clear sky,2021-12-04 08:26:01
217,Ongole,IN,15.5,80.05,83.19,54,100,8.05,overcast clouds,2021-12-04 08:22:28
218,Chapais,CA,49.7834,-74.8492,-4.22,100,92,3.83,overcast clouds,2021-12-04 08:26:02
219,Mezen,RU,65.8522,44.24,-1.28,94,16,6.73,few clouds,2021-12-04 08:26:02
220,Salalah,OM,17.0151,54.0924,84.29,39,0,11.5,clear sky,2021-12-04 08:26:02
221,Saint-Pierre,RE,-21.3393,55.4781,89.19,69,0,11.5,clear sky,2021-12-04 08:26:03
222,Westport,US,41.1415,-73.3579,38.95,78,90,1.99,overcast clouds,2021-12-04 08:23:39
223,Vestmannaeyjar,IS,63.4427,-20.2734,33.01,75,21,12.12,few clouds,2021-12-04 08:26:03
224,Bati,ET,11.1833,40.0167,69.3,42,4,7.38,clear sky,2021-12-04 08:26:03
225,Comodoro Rivadavia,AR,-45.8667,-67.5,58.86,31,0,6.91,clear sky,2021-12-04 08:23:31
226,Ostrovnoy,RU,68.0531,39.5131,19.02,89,100,3.2,light snow,2021-12-04 08:27:04
227,Camapua,BR,-19.5314,-54.0439,72.0,78,11,3.49,few clouds,2021-12-04 08:27:04
228,Hofn,IS,64.2539,-15.2082,30.22,55,0,9.8,clear sky,2021-12-04 08:27:05
229,Gerede,TR,40.8008,32.1969,43.43,62,98,8.68,overcast clouds,2021-12-04 08:27:05
230,Burshtyn,UA,49.2587,24.6278,25.21,83,5,5.48,clear sky,2021-12-04 08:27:05
231,Kavaratti,IN,10.5669,72.642,81.52,72,97,2.37,overcast clouds,2021-12-04 08:27:06
232,Knysna,ZA,-34.0363,23.0471,68.38,66,100,8.77,overcast clouds,2021-12-04 08:27:06
233,Presidente Epitacio,BR,-21.7633,-52.1156,71.49,68,1,11.39,clear sky,2021-12-04 08:27:06
234,Sokoni,TZ,-6.4333,39.55,79.59,78,65,5.82,light rain,2021-12-04 08:27:07
235,Bonn,DE,50.7333,7.1,40.86,89,75,3.0,broken clouds,2021-12-04 08:22:32
236,Oriximina,BR,-1.7656,-55.8661,72.64,97,94,1.63,overcast clouds,2021-12-04 08:27:07
237,Castro,BR,-24.7911,-50.0119,55.24,96,71,6.24,broken clouds,2021-12-04 08:27:07
238,Ambilobe,MG,-13.2,49.05,96.62,31,19,10.56,few clouds,2021-12-04 08:27:08
239,Elizabeth City,US,36.2946,-76.2511,57.22,93,1,4.61,clear sky,2021-12-04 08:27:08
240,Kondinskoye,RU,59.6481,67.41,16.11,95,41,5.93,scattered clouds,2021-12-04 08:27:09
241,Batsfjord,NO,70.6345,29.7185,17.64,82,70,11.61,broken clouds,2021-12-04 08:27:09
242,Zubtsov,RU,56.1753,34.5894,22.95,86,100,13.94,overcast clouds,2021-12-04 08:27:09
243,Veinticinco De Mayo,AR,-35.4323,-60.1727,61.05,96,100,5.99,overcast clouds,2021-12-04 08:27:10
244,Imeni Morozova,RU,59.9757,31.0376,21.24,93,100,7.58,light snow,2021-12-04 08:27:10
245,Port-Gentil,GA,-0.7193,8.7815,84.16,74,20,9.22,few clouds,2021-12-04 08:27:10
246,Rorvik,NO,64.8621,11.2373,26.58,67,4,42.68,clear sky,2021-12-04 08:27:10
247,Lerwick,GB,60.1545,-1.1494,37.4,78,65,10.76,broken clouds,2021-12-04 08:27:11
248,Antoniny,UA,49.8097,26.8771,26.51,79,51,7.11,broken clouds,2021-12-04 08:27:11
249,Baft,IR,29.234,56.6057,48.67,36,0,6.04,clear sky,2021-12-04 08:27:11
250,Taltal,CL,-25.4,-70.4833,61.14,78,33,1.25,scattered clouds,2021-12-04 08:24:20
251,Rocha,UY,-34.4833,-54.3333,55.24,93,100,3.4,overcast clouds,2021-12-04 08:27:12
252,Santa Lucia,ES,27.9117,-15.5407,56.77,72,20,6.91,few clouds,2021-12-04 08:27:12
253,Gat,IL,31.61,34.7642,71.78,39,100,2.21,overcast clouds,2021-12-04 08:27:13
254,Straumen,NO,63.8709,11.2999,28.94,68,100,17.94,overcast clouds,2021-12-04 08:27:13
255,Urucuca,BR,-14.5931,-39.2844,69.93,99,99,1.43,overcast clouds,2021-12-04 08:27:13
256,Parabel,RU,58.6978,81.4825,24.67,82,100,13.67,overcast clouds,2021-12-04 08:27:14
257,Mogadishu,SO,2.0371,45.3438,85.87,70,75,16.11,broken clouds,2021-12-04 08:26:38
258,Camaqua,BR,-30.8511,-51.8122,66.79,84,94,7.65,overcast clouds,2021-12-04 08:27:14
259,Bondo,CD,3.8146,23.6866,84.76,57,93,2.28,overcast clouds,2021-12-04 08:27:14
260,Nueve De Julio,AR,-35.4444,-60.8831,58.71,97,100,7.29,overcast clouds,2021-12-04 08:27:15
261,Nizwa,OM,22.9333,57.5333,77.52,33,0,6.22,clear sky,2021-12-04 08:27:15
262,Monte Carmelo,BR,-18.7247,-47.4986,64.74,90,0,5.91,clear sky,2021-12-04 08:27:15
263,Santa Marinella,IT,42.0345,11.8536,47.55,58,55,1.81,broken clouds,2021-12-04 08:27:16
264,Sao Joao Da Barra,BR,-21.6403,-41.0511,67.69,92,10,5.95,clear sky,2021-12-04 08:27:16
265,Skjervoy,NO,70.0311,20.9714,20.7,78,3,21.18,clear sky,2021-12-04 08:27:16
266,Mwinilunga,ZM,-11.7358,24.4293,83.17,37,40,8.3,scattered clouds,2021-12-04 08:27:17
267,Nurota,UZ,40.5614,65.6886,44.69,43,100,5.32,overcast clouds,2021-12-04 08:27:17
268,Ulundi,ZA,-28.3352,31.4162,78.55,66,100,4.74,overcast clouds,2021-12-04 08:27:17
269,Asha,RU,54.9973,57.2722,36.55,93,100,11.88,overcast clouds,2021-12-04 08:27:18
270,Kanniyakumari,IN,8.0833,77.5667,82.8,73,33,4.34,scattered clouds,2021-12-04 08:28:18
271,Dhar,IN,22.6,75.3,78.84,37,0,5.32,clear sky,2021-12-04 08:28:18
272,Keuruu,FI,62.2667,24.7,6.98,77,30,8.95,scattered clouds,2021-12-04 08:28:19
273,Torit,SS,4.4133,32.5678,92.89,30,18,3.96,few clouds,2021-12-04 08:28:19
274,Talnakh,RU,69.4865,88.3972,-27.8,97,100,10.18,overcast clouds,2021-12-04 08:28:19
275,Kolo,PL,52.2002,18.6387,34.25,71,100,14.52,overcast clouds,2021-12-04 08:28:20
276,Matara,LK,5.9485,80.5353,83.61,71,97,6.93,overcast clouds,2021-12-04 08:26:57
277,Miranda,CO,3.2499,-76.2281,66.33,92,94,3.04,overcast clouds,2021-12-04 08:28:20
278,Issa,RU,53.8705,44.8578,33.37,90,100,11.88,overcast clouds,2021-12-04 08:28:21
279,Lebu,CL,-37.6167,-73.65,50.63,92,9,14.94,clear sky,2021-12-04 08:28:21
280,Mbini,GQ,1.574,9.6134,79.48,78,100,4.29,overcast clouds,2021-12-04 08:28:21
281,Lethem,GY,3.3803,-59.7968,74.97,78,75,10.85,broken clouds,2021-12-04 08:28:22
282,San Ramon,US,37.7799,-121.978,54.48,89,90,1.01,mist,2021-12-04 08:28:22
283,Honningsvag,NO,70.9821,25.9704,25.52,67,59,20.54,broken clouds,2021-12-04 08:28:22
284,Tanout,NE,14.9709,8.8879,72.97,16,4,11.72,clear sky,2021-12-04 08:28:23
285,Qaqortoq,GL,60.7167,-46.0333,43.3,93,100,24.07,moderate rain,2021-12-04 08:28:23
286,Viedma,AR,-40.8135,-62.9967,51.42,71,45,6.17,scattered clouds,2021-12-04 08:28:23
287,Shu,KZ,43.5983,73.7614,54.25,45,100,2.24,overcast clouds,2021-12-04 08:28:24
288,Qax,AZ,41.4225,46.9242,43.79,45,6,2.04,clear sky,2021-12-04 08:28:24
289,Camacha,PT,33.0833,-16.3333,61.56,67,75,12.66,broken clouds,2021-12-04 08:28:24
290,Bulawayo,ZW,-20.15,28.5833,88.81,25,0,12.24,clear sky,2021-12-04 08:28:25
291,Kukushtan,RU,57.6464,56.4952,35.22,97,100,14.74,light rain,2021-12-04 08:28:25
292,Canutama,BR,-6.5339,-64.3831,73.22,99,100,1.77,overcast clouds,2021-12-04 08:28:25
293,Tabuk,PH,17.4189,121.4443,65.08,90,100,8.99,overcast clouds,2021-12-04 08:28:26
294,Arlit,NE,18.7369,7.3853,77.49,12,93,4.68,overcast clouds,2021-12-04 08:24:22
295,Keta,GH,5.9179,0.9879,84.42,74,72,3.96,broken clouds,2021-12-04 08:28:26
296,Beira,MZ,-19.8436,34.8389,91.49,62,20,17.27,few clouds,2021-12-04 08:28:26
297,Lekoni,GA,-1.5843,14.2591,77.67,77,85,6.02,overcast clouds,2021-12-04 08:28:27
298,Raga,SS,8.4596,25.678,88.66,19,21,8.46,few clouds,2021-12-04 08:28:27
299,Paso De Los Toros,UY,-32.8167,-56.5167,57.65,89,45,9.62,scattered clouds,2021-12-04 08:28:27
300,Leh,IN,34.1667,77.5833,28.65,61,3,1.81,clear sky,2021-12-04 08:28:28
301,Balkhash,KZ,46.844,74.9804,34.41,69,0,13.42,clear sky,2021-12-04 08:28:28
302,Hambantota,LK,6.1241,81.1185,84.54,89,75,5.75,broken clouds,2021-12-04 08:28:28
303,Praia,CV,14.9215,-23.5087,72.14,78,40,21.85,scattered clouds,2021-12-04 08:28:29
304,Chornobay,UA,49.6708,32.3239,32.49,76,86,4.47,overcast clouds,2021-12-04 08:28:29
305,Sao Miguel Do Tapuio,BR,-5.5036,-41.3233,73.62,79,21,2.84,few clouds,2021-12-04 08:28:29
306,Koygorodok,RU,60.445,50.9968,14.59,94,100,14.0,snow,2021-12-04 08:28:30
307,Olinda,BR,-8.0089,-34.8553,80.33,83,40,5.75,scattered clouds,2021-12-04 08:28:30
308,Cutro,IT,39.0353,16.9819,51.06,66,0,13.8,clear sky,2021-12-04 08:28:30
309,Verkh-Suetka,RU,53.3,80.05,21.15,94,99,12.28,overcast clouds,2021-12-04 08:28:31
310,Akkermanovka,RU,51.2467,58.2391,35.38,95,100,10.33,overcast clouds,2021-12-04 08:28:31
311,Fiche,ET,9.8,38.7333,63.55,26,2,5.68,clear sky,2021-12-04 08:28:32
312,Calhoun,US,42.2506,-85.0005,37.29,89,90,3.44,mist,2021-12-04 08:28:32
313,Rawson,AR,-43.3002,-65.1023,60.19,48,0,24.05,clear sky,2021-12-04 08:29:32
314,Henties Bay,NA,-22.116,14.2845,62.85,64,0,10.09,clear sky,2021-12-04 08:29:33
315,Marawi,PH,7.9986,124.2928,73.65,92,98,5.48,overcast clouds,2021-12-04 08:29:33
316,Jalu,LY,29.0331,21.5482,66.07,40,12,20.76,few clouds,2021-12-04 08:29:33
317,Ulstrup,DK,56.3899,9.7935,34.12,92,100,6.96,overcast clouds,2021-12-04 08:29:34
318,Svetlyy,RU,54.675,20.1347,32.05,95,100,15.61,light snow,2021-12-04 08:29:34
319,Rabo De Peixe,PT,37.8,-25.5833,61.29,99,75,3.44,broken clouds,2021-12-04 08:29:34
320,Storsteinnes,NO,69.2408,19.2344,21.2,90,5,7.74,clear sky,2021-12-04 08:29:34
321,New Milford,US,40.9327,-74.0179,39.85,75,90,3.44,overcast clouds,2021-12-04 08:29:35
322,Takoradi,GH,4.8845,-1.7554,82.76,74,78,6.8,broken clouds,2021-12-04 08:29:35
323,Tazovskiy,RU,67.4667,78.7,-25.94,99,47,7.14,scattered clouds,2021-12-04 08:29:36
324,Krasnaya Gora,RU,52.9995,31.6023,31.91,90,96,8.68,overcast clouds,2021-12-04 08:29:36
325,Montbrison,FR,45.6667,4.0833,52.14,87,100,12.68,overcast clouds,2021-12-04 08:28:34
326,Eyl,SO,7.9803,49.8164,85.26,45,0,19.22,clear sky,2021-12-04 08:29:36
327,Mangrol,IN,21.1167,70.1167,80.92,47,2,5.35,clear sky,2021-12-04 08:29:37
328,Soyo,AO,-6.1349,12.3689,82.45,89,100,8.32,light rain,2021-12-04 08:29:37
329,Turbat,PK,26.0023,63.044,79.07,39,0,8.28,clear sky,2021-12-04 08:29:37
330,Manaure,CO,11.7751,-72.4445,78.66,83,35,14.12,scattered clouds,2021-12-04 08:29:38
331,La Sarre,CA,48.8002,-79.1996,6.49,93,96,4.21,overcast clouds,2021-12-04 08:29:38
332,Abeche,TD,13.8292,20.8324,89.62,16,0,4.61,clear sky,2021-12-04 08:29:38
333,Walvis Bay,NA,-22.9575,14.5053,67.15,59,0,4.61,clear sky,2021-12-04 08:29:39
334,Bull Savanna,JM,17.8868,-77.5902,73.78,83,100,6.44,overcast clouds,2021-12-04 08:29:39
335,Natal,BR,-5.795,-35.2094,80.82,89,75,8.05,broken clouds,2021-12-04 08:26:52
336,Stupino,RU,54.9008,38.0708,28.15,83,100,16.98,overcast clouds,2021-12-04 08:29:39
337,Road Town,VG,18.4167,-64.6167,79.0,75,14,16.55,few clouds,2021-12-04 08:29:40
338,Nizhniye Sergi,RU,56.6614,59.3033,34.9,97,100,13.87,overcast clouds,2021-12-04 08:29:40
339,Shelburne,CA,44.0787,-80.2041,29.75,90,100,9.06,overcast clouds,2021-12-04 08:29:40
340,Colares,PT,38.7992,-9.4469,56.89,82,75,15.01,broken clouds,2021-12-04 08:29:41
341,Ardesen,TR,41.1911,40.9875,57.16,43,5,1.52,clear sky,2021-12-04 08:29:41
342,Vila Franca Do Campo,PT,37.7167,-25.4333,62.2,82,9,0.45,clear sky,2021-12-04 08:29:41
343,The Valley,AI,18.217,-63.0578,80.1,75,19,14.9,few clouds,2021-12-04 08:29:42
344,San Andres,CO,12.5847,-81.7006,82.42,78,75,14.97,broken clouds,2021-12-04 08:26:27
345,Salisbury,GB,51.0693,-1.7957,44.17,85,40,14.97,scattered clouds,2021-12-04 08:29:42
346,Vallenar,CL,-28.5708,-70.7581,63.36,56,0,0.09,clear sky,2021-12-04 08:29:43
347,Ust-Kulom,RU,61.6864,53.6902,2.3,95,100,10.09,light snow,2021-12-04 08:29:43
348,Bath,GB,51.3779,-2.3591,45.37,89,100,17.0,overcast clouds,2021-12-04 08:29:43
349,Santa Isabel Do Rio Negro,BR,-0.4139,-65.0192,72.12,99,100,2.55,overcast clouds,2021-12-04 08:29:43
350,Nevers,FR,46.9167,3.3333,54.72,100,90,8.05,mist,2021-12-04 08:29:44
351,Sumbawanga,TZ,-7.9667,31.6167,75.25,36,22,9.44,few clouds,2021-12-04 08:29:44
352,Berlevag,NO,70.8578,29.0864,20.77,79,63,16.17,broken clouds,2021-12-04 08:29:44
353,Khalkhal,IR,37.6189,48.5258,39.13,47,1,6.04,clear sky,2021-12-04 08:29:45
354,Debre Zeyit,ET,8.75,38.9833,71.51,32,5,14.34,clear sky,2021-12-04 08:29:45
355,Camiri,BO,-20.05,-63.5167,69.03,96,100,2.98,overcast clouds,2021-12-04 08:29:46
356,Benguela,AO,-12.5763,13.4055,78.35,81,99,3.89,overcast clouds,2021-12-04 08:29:46
357,Coquimbo,CL,-29.9533,-71.3436,55.13,87,0,3.44,clear sky,2021-12-04 08:29:46
358,Elliot Lake,CA,46.3834,-82.6331,32.09,84,93,11.99,overcast clouds,2021-12-04 08:29:46
359,Matagami,CA,49.7502,-77.6328,-14.69,76,1,3.44,clear sky,2021-12-04 08:29:47
360,Hamilton,US,39.1834,-84.5333,41.72,81,1,1.01,clear sky,2021-12-04 08:30:18
361,Gap,FR,44.6667,6.0,29.12,100,100,1.61,light snow,2021-12-04 08:30:47
362,Aripuana,BR,-9.1667,-60.6333,70.47,100,99,2.28,overcast clouds,2021-12-04 08:30:48
363,Souillac,MU,-20.5167,57.5167,86.38,62,40,14.97,scattered clouds,2021-12-04 08:30:48
364,Brinkovskaya,RU,46.0347,38.5869,55.17,64,100,14.07,overcast clouds,2021-12-04 08:30:49
365,Kasongo,CD,-4.45,26.6667,83.79,67,96,1.9,light rain,2021-12-04 08:30:49
366,Sokolo,ML,14.7328,-6.1219,80.28,14,88,14.0,overcast clouds,2021-12-04 08:30:49
367,Leninskoye,KZ,41.7589,69.3864,48.13,33,100,3.4,overcast clouds,2021-12-04 08:30:50
368,Turukhansk,RU,65.8167,87.9833,-34.06,99,100,3.87,overcast clouds,2021-12-04 08:30:50
369,Atbasar,KZ,51.8,68.3333,29.91,95,100,11.21,overcast clouds,2021-12-04 08:30:50
370,Thinadhoo,MV,0.5333,72.9333,81.73,79,73,11.52,broken clouds,2021-12-04 08:30:51
371,Saldanha,ZA,-33.0117,17.9442,66.25,66,99,6.33,overcast clouds,2021-12-04 08:30:51
372,Bardiyah,LY,31.7561,25.0865,65.91,40,100,16.84,overcast clouds,2021-12-04 08:30:51
373,Coari,BR,-4.085,-63.1414,72.39,94,100,1.74,overcast clouds,2021-12-04 08:30:52
374,Sile,TR,41.1754,29.6133,62.89,62,100,11.65,moderate rain,2021-12-04 08:26:15
375,Palaikastron,GR,35.2,26.25,65.75,59,100,16.82,overcast clouds,2021-12-04 08:30:52
376,Samandag,TR,36.0842,35.9771,54.12,48,100,12.17,overcast clouds,2021-12-04 08:30:53
377,Eenhana,NA,-17.4667,16.3333,84.38,40,98,7.67,overcast clouds,2021-12-04 08:30:53
378,Cayenne,GF,4.9333,-52.3333,75.09,87,100,3.44,overcast clouds,2021-12-04 08:30:05
379,Gamba,GA,-2.65,10.0,81.5,77,94,4.79,overcast clouds,2021-12-04 08:30:54
380,Moose Factory,CA,51.2585,-80.6094,-7.6,77,1,5.75,clear sky,2021-12-04 08:30:54
381,Lokosovo,RU,61.1333,74.8167,14.25,94,100,9.26,overcast clouds,2021-12-04 08:30:54
382,Makueni,KE,-1.8041,37.6203,73.8,67,56,6.4,light rain,2021-12-04 08:30:55
383,Miraflores,MX,19.2167,-98.8083,55.02,72,58,2.13,broken clouds,2021-12-04 08:30:55
384,Abnub,EG,27.2696,31.1511,70.52,30,81,4.97,broken clouds,2021-12-04 08:30:55
385,Goundam,ML,16.4145,-3.6708,78.26,14,82,15.12,broken clouds,2021-12-04 08:30:56
386,Tambacounda,SN,13.7539,-13.7586,69.85,40,0,0.0,clear sky,2021-12-04 08:30:56
387,Flores,GT,16.9226,-89.8994,66.97,99,21,1.95,few clouds,2021-12-04 08:30:56
388,Kutum,SD,14.2,24.6667,77.97,19,0,7.92,clear sky,2021-12-04 08:30:57
389,Kudahuvadhoo,MV,2.6708,72.8944,82.2,76,19,10.42,few clouds,2021-12-04 08:30:57
390,Pemba,MZ,-12.974,40.5178,86.7,66,20,11.5,few clouds,2021-12-04 08:30:58
391,Kjollefjord,NO,70.9457,27.3465,19.22,71,41,13.78,scattered clouds,2021-12-04 08:30:58
392,Turayf,SA,31.6725,38.6637,59.25,47,75,16.11,broken clouds,2021-12-04 08:30:58
393,Rusape,ZW,-18.5278,32.1284,87.01,26,30,7.92,scattered clouds,2021-12-04 08:30:59
394,Dukhovshchina,RU,55.1919,32.4111,24.85,89,98,8.72,overcast clouds,2021-12-04 08:30:59
395,Northampton,US,40.8754,-75.2499,36.23,82,74,1.25,broken clouds,2021-12-04 08:27:27
396,Kindu,CD,-2.95,25.95,88.61,53,99,2.28,overcast clouds,2021-12-04 08:31:00
397,Buta,CD,2.7858,24.73,85.82,54,98,1.81,overcast clouds,2021-12-04 08:31:00
398,Remanso,BR,-9.6179,-42.0831,74.77,82,100,12.48,light rain,2021-12-04 08:31:00
399,Grootfontein,NA,-19.5667,18.1167,65.77,82,97,4.61,overcast clouds,2021-12-04 08:31:01
400,Udomlya,RU,57.8794,34.9925,22.15,91,100,10.22,overcast clouds,2021-12-04 08:31:01
401,Roald,NO,62.5833,6.1333,38.32,60,0,20.71,clear sky,2021-12-04 08:31:01
402,Dunmore Town,BS,25.5,-76.65,74.52,66,1,11.63,clear sky,2021-12-04 08:31:02
403,Hobro,DK,56.6431,9.7903,34.16,89,100,8.9,overcast clouds,2021-12-04 08:31:02
404,Vagur,FO,61.4732,-6.8119,42.94,68,98,15.9,overcast clouds,2021-12-04 08:32:03
405,Tshikapa,CD,-6.4167,20.8,85.42,64,93,3.8,overcast clouds,2021-12-04 08:32:04
406,Bludenz,AT,47.1497,9.8167,39.79,100,100,6.6,light rain,2021-12-04 08:32:04
407,Joshimath,IN,30.5667,79.5667,63.66,36,0,4.88,clear sky,2021-12-04 08:32:04
408,Mayor Pablo Lagerenza,PY,-19.9309,-60.7718,74.17,93,100,4.03,overcast clouds,2021-12-04 08:32:05
409,Maceio,BR,-9.6658,-35.7353,80.04,89,75,2.3,broken clouds,2021-12-04 08:32:05
410,Pohrebyshche,UA,49.4864,29.2636,29.23,74,72,4.63,broken clouds,2021-12-04 08:32:05
411,Sao Jose Da Coroa Grande,BR,-8.8978,-35.1478,78.49,83,46,9.31,scattered clouds,2021-12-04 08:32:06
412,Korla,CN,41.7597,86.1469,36.46,38,30,3.49,scattered clouds,2021-12-04 08:32:06
413,Sarab,IR,38.6066,44.9883,40.32,45,40,4.61,scattered clouds,2021-12-04 08:32:06
414,Oussouye,SN,12.485,-16.5469,71.78,73,51,1.3,broken clouds,2021-12-04 08:27:19
415,Skagen,DK,57.7209,10.5839,28.09,84,100,21.79,overcast clouds,2021-12-04 08:32:07
416,Bandarbeyla,SO,9.4942,50.8122,82.11,59,1,23.11,clear sky,2021-12-04 08:32:07
417,Machala,EC,-3.2667,-79.9667,71.01,86,81,3.67,broken clouds,2021-12-04 08:32:08
418,Simitli,BG,41.8833,23.1167,45.48,93,100,3.58,overcast clouds,2021-12-04 08:32:08
419,Sao Raimundo Nonato,BR,-9.0153,-42.6994,73.58,90,87,2.84,light rain,2021-12-04 08:32:08
420,Palora,EC,-1.7,-77.9333,63.73,97,100,2.91,overcast clouds,2021-12-04 08:32:09
421,Atar,MR,20.5169,-13.0499,70.74,22,12,8.5,few clouds,2021-12-04 08:32:09
422,Oksovskiy,RU,62.6062,39.8984,6.98,76,100,12.84,overcast clouds,2021-12-04 08:32:09
423,Houlton,US,46.1262,-67.8403,14.41,67,1,16.11,clear sky,2021-12-04 08:31:08
424,Ville-Marie,CA,47.3335,-79.433,6.8,84,76,4.41,broken clouds,2021-12-04 08:32:10
425,Meulaboh,ID,4.1363,96.1285,83.61,68,53,6.78,broken clouds,2021-12-04 08:32:10
426,Zvishavane,ZW,-20.3267,30.0665,94.57,23,0,8.16,clear sky,2021-12-04 08:32:10
427,Tacna,PE,-18.0056,-70.2483,56.3,87,93,2.77,overcast clouds,2021-12-04 08:32:11
428,Rome,US,34.257,-85.1647,58.48,87,1,0.0,clear sky,2021-12-04 08:32:11
429,San Marcos,US,33.1434,-117.1661,58.82,87,90,3.0,mist,2021-12-04 08:32:12
430,Karakol,KG,42.4907,78.3936,34.14,84,97,0.56,overcast clouds,2021-12-04 08:32:12
431,Gogrial,SS,8.5332,28.1004,96.67,17,17,8.19,few clouds,2021-12-04 08:32:12
432,San Carlos,VE,9.6612,-68.5827,71.53,86,65,3.04,broken clouds,2021-12-04 08:32:13
433,Keetmanshoop,NA,-26.5833,18.1333,72.81,15,0,15.66,clear sky,2021-12-04 08:32:13
434,Nefteyugansk,RU,61.0998,72.6035,12.45,94,92,10.63,overcast clouds,2021-12-04 08:32:14
435,Praia Da Vitoria,PT,38.7333,-27.0667,62.76,94,40,3.78,scattered clouds,2021-12-04 08:32:14
436,Strezhevoy,RU,60.7333,77.5889,17.58,93,100,8.5,overcast clouds,2021-12-04 08:32:14
437,Dogondoutchi,NE,13.6393,4.0287,82.81,15,100,11.56,overcast clouds,2021-12-04 08:32:15
438,Cap Malheureux,MU,-19.9842,57.6142,86.49,73,2,5.99,light rain,2021-12-04 08:32:15
439,Aguimes,ES,27.9054,-15.4461,62.65,72,20,6.91,few clouds,2021-12-04 08:32:15
440,Ouesso,CG,1.6136,16.0517,87.69,54,88,2.59,overcast clouds,2021-12-04 08:32:16
441,Manali,IN,13.1667,80.2667,89.69,69,84,5.19,broken clouds,2021-12-04 08:32:16
442,Brae,GB,60.3964,-1.353,37.31,78,92,14.83,overcast clouds,2021-12-04 08:32:16
443,Riyadh,SA,24.6877,46.7219,69.94,24,0,4.61,clear sky,2021-12-04 08:30:24
444,Belyy Yar,RU,53.6039,91.3903,35.49,52,0,17.9,clear sky,2021-12-04 08:32:17
445,Ouro Preto Do Oeste,BR,-10.7481,-62.2158,70.61,97,58,2.8,broken clouds,2021-12-04 08:32:17
446,Jumla,NP,29.2747,82.1838,60.71,38,0,5.46,clear sky,2021-12-04 08:32:17
447,Yanam,IN,16.7333,82.2167,93.6,85,100,1.41,overcast clouds,2021-12-04 08:32:18
448,Los Llanos De Aridane,ES,28.6585,-17.9182,62.35,75,75,13.0,broken clouds,2021-12-04 08:32:18
449,Santa Ines,BR,-3.6667,-45.38,73.47,97,97,1.59,overcast clouds,2021-12-04 08:32:18
450,Rio Grande,BR,-32.035,-52.0986,65.95,79,100,11.48,overcast clouds,2021-12-04 08:32:19
451,Boyle,US,37.6334,-84.8666,56.21,82,1,0.0,clear sky,2021-12-04 08:33:19
452,Dingle,PH,10.9995,122.6711,76.3,84,100,10.65,overcast clouds,2021-12-04 08:33:19
453,Escanaba,US,45.7453,-87.0646,34.23,84,1,11.5,clear sky,2021-12-04 08:33:20
454,Venado Tuerto,AR,-33.7456,-61.9688,62.78,73,100,6.35,overcast clouds,2021-12-04 08:33:20
455,Tikrit,IQ,34.6071,43.6782,62.64,27,86,5.19,overcast clouds,2021-12-04 08:33:20
456,Oksfjord,NO,70.2396,22.3479,18.52,80,10,12.71,clear sky,2021-12-04 08:33:21
457,Wegrow,PL,52.3995,22.0163,35.6,50,100,12.97,light snow,2021-12-04 08:33:21
458,Serik,TR,36.9169,31.0989,60.67,82,100,5.82,overcast clouds,2021-12-04 08:33:21
459,Elbistan,TR,38.2059,37.1983,42.01,40,99,0.47,overcast clouds,2021-12-04 08:33:22
460,Havre-Saint-Pierre,CA,50.2334,-63.5986,25.39,67,1,16.11,clear sky,2021-12-04 08:33:22
461,Mwense,ZM,-10.3845,28.698,92.05,22,0,7.36,clear sky,2021-12-04 08:33:22
462,Blacksburg,US,37.2296,-80.4139,52.88,93,1,0.0,clear sky,2021-12-04 08:33:23
463,Maun,BW,-19.9833,23.4167,89.56,37,0,12.66,clear sky,2021-12-04 08:29:16
464,Upata,VE,8.0086,-62.3989,73.18,98,58,3.53,broken clouds,2021-12-04 08:33:23
465,Aquiraz,BR,-3.9014,-38.3911,83.21,71,97,11.68,overcast clouds,2021-12-04 08:33:24
466,Shenkursk,RU,62.1091,42.896,5.92,88,100,13.18,light snow,2021-12-04 08:33:24
467,Oistins,BB,13.0667,-59.5333,78.89,78,40,14.97,scattered clouds,2021-12-04 08:33:24
468,Adra,ES,36.7496,-3.0206,56.82,50,0,7.78,clear sky,2021-12-04 08:33:25
469,Trairi,BR,-3.2778,-39.2689,81.39,72,99,9.6,overcast clouds,2021-12-04 08:30:44
470,Alekseyevka,RU,50.6309,38.6903,36.57,59,100,9.62,overcast clouds,2021-12-04 08:33:25
471,Carnarvon,AU,-24.8667,113.6333,80.67,65,0,14.97,clear sky,2021-12-04 08:33:26
472,Abu Kamal,SY,34.4506,40.9171,62.42,32,100,7.96,overcast clouds,2021-12-04 08:33:26
473,Surt,LY,31.2089,16.5887,58.12,56,11,27.31,few clouds,2021-12-04 08:33:26
474,Ilorin,NG,8.5,4.55,85.12,19,93,4.83,overcast clouds,2021-12-04 08:33:21
475,Tonj,SS,7.2737,28.6822,89.28,26,81,5.32,broken clouds,2021-12-04 08:33:27
476,Filingue,NE,14.3521,3.3168,82.49,15,100,10.51,overcast clouds,2021-12-04 08:33:27
477,Michigan City,US,41.7075,-86.895,42.01,100,1,0.0,mist,2021-12-04 08:33:18
478,Mandera,KE,3.9366,41.867,89.08,39,21,11.95,few clouds,2021-12-04 08:33:27
479,Bedele,ET,8.456,36.353,75.51,32,100,4.38,overcast clouds,2021-12-04 08:33:28
480,San Carlos De Bariloche,AR,-41.1456,-71.3082,38.95,81,0,6.91,clear sky,2021-12-04 08:29:29
481,Ancud,CL,-41.8697,-73.8203,47.43,86,2,3.91,clear sky,2021-12-04 08:33:28
482,Olonets,RU,60.9847,32.9698,16.45,83,100,10.85,overcast clouds,2021-12-04 08:33:29
483,Banda Aceh,ID,5.5577,95.3222,85.08,67,84,3.67,broken clouds,2021-12-04 08:33:29
484,Kachiry,KZ,53.0675,76.1036,24.17,93,17,9.82,few clouds,2021-12-04 08:33:29
485,Alenquer,BR,-1.9417,-54.7383,73.74,94,99,1.66,light rain,2021-12-04 08:33:30
486,Chincha Alta,PE,-13.4099,-76.1323,63.19,85,96,1.43,overcast clouds,2021-12-04 08:33:30
487,Callaway,US,30.153,-85.5699,55.33,94,90,0.0,mist,2021-12-04 08:33:31
488,Santa Maria,BR,-29.6842,-53.8069,59.59,97,22,5.23,few clouds,2021-12-04 08:33:31
489,Lisala,CD,2.15,21.5167,88.88,51,92,2.64,overcast clouds,2021-12-04 08:33:31
490,Yarim,YE,14.298,44.3779,63.03,9,0,1.14,clear sky,2021-12-04 08:33:32
491,Hameenlinna,FI,60.996,24.4643,19.06,85,100,6.87,light snow,2021-12-04 08:33:32
492,Kharovsk,RU,59.9642,40.1912,10.92,94,100,8.57,light snow,2021-12-04 08:33:32
493,San Rafael,AR,-34.6177,-68.3301,57.15,72,100,10.78,overcast clouds,2021-12-04 08:33:33
494,Acarau,BR,-2.8856,-40.12,81.54,71,80,13.15,broken clouds,2021-12-04 08:33:33
495,Kristianstad,SE,56.0313,14.1524,38.35,100,90,4.61,mist,2021-12-04 08:33:33
496,Bani,DO,18.2833,-70.3333,76.86,80,94,9.35,overcast clouds,2021-12-04 08:33:34
497,Ust-Tsilma,RU,65.441,52.1498,-12.1,100,98,3.89,overcast clouds,2021-12-04 08:33:34
498,Raahe,FI,64.6833,24.4833,10.49,85,12,10.25,few clouds,2021-12-04 08:34:35
499,Skibbereen,IE,51.55,-9.2667,40.8,65,53,23.51,broken clouds,2021-12-04 08:34:35
500,Umarkot,PK,25.3616,69.7362,84.16,19,0,6.51,clear sky,2021-12-04 08:34:35
501,Lesnoy,RU,57.6198,63.0784,31.42,96,99,8.88,overcast clouds,2021-12-04 08:34:36
502,Haselunne,DE,52.6667,7.4833,40.03,100,100,3.44,overcast clouds,2021-12-04 08:34:36
503,Eisenerz,AT,47.5333,14.8833,27.19,71,100,5.73,overcast clouds,2021-12-04 08:34:36
504,Langres,FR,47.8333,5.3333,48.2,99,100,13.91,overcast clouds,2021-12-04 08:34:36
505,Grand-Santi,GF,4.25,-54.3833,70.3,100,83,1.03,broken clouds,2021-12-04 08:34:37
506,Marzuq,YE,14.4,46.4667,71.46,21,0,7.18,clear sky,2021-12-04 08:34:37
507,Albany,US,42.6001,-73.9662,31.68,77,65,2.48,broken clouds,2021-12-04 08:34:37
508,Teya,RU,60.3778,92.6267,22.5,85,100,13.38,overcast clouds,2021-12-04 08:34:38
509,Neuquen,AR,-38.9516,-68.0591,51.69,87,75,2.3,broken clouds,2021-12-04 08:34:38
510,Kiruna,SE,67.8557,20.2251,5.92,92,90,2.3,overcast clouds,2021-12-04 08:34:38
511,Carauari,BR,-4.8828,-66.8958,71.6,99,96,1.79,overcast clouds,2021-12-04 08:34:39
512,Jalna,IN,19.8333,75.8833,81.91,35,54,5.32,broken clouds,2021-12-04 08:34:39
513,Zaysan,KZ,47.4667,84.8667,28.36,92,51,0.98,broken clouds,2021-12-04 08:34:39
514,Cockburn Town,TC,21.4612,-71.1419,79.03,74,89,18.12,overcast clouds,2021-12-04 08:31:16
515,Chitungwiza,ZW,-18.0127,31.0756,83.44,26,5,11.21,clear sky,2021-12-04 08:34:40
516,Bardstown,US,37.8092,-85.4669,54.52,88,40,0.0,scattered clouds,2021-12-04 08:34:40
517,Liepaja,LV,56.5419,21.0367,32.05,100,90,6.91,light snow,2021-12-04 08:34:40
518,Jaciara,BR,-15.9653,-54.9683,72.66,94,100,1.79,overcast clouds,2021-12-04 08:29:44
519,Spirovo,RU,57.419,34.9766,23.27,89,100,10.65,overcast clouds,2021-12-04 08:34:41
520,Cabedelo,BR,-6.9811,-34.8339,79.47,79,39,11.65,scattered clouds,2021-12-04 08:34:41
521,Amapa,BR,1.0,-52.0,70.41,100,100,1.99,overcast clouds,2021-12-04 08:34:41
522,Ano Mera,GR,37.45,25.4,62.13,88,75,4.61,broken clouds,2021-12-04 08:34:42
523,Chulym,RU,55.0997,80.9572,23.0,92,100,15.28,overcast clouds,2021-12-04 08:34:42
524,Mugur-Aksy,RU,50.35,90.5,18.59,84,4,6.02,clear sky,2021-12-04 08:34:42
525,Carmarthen,GB,51.8555,-4.3054,45.5,70,12,20.71,few clouds,2021-12-04 08:34:43
526,Puerto Carreno,CO,6.189,-67.4859,75.65,75,98,6.78,overcast clouds,2021-12-04 08:34:43
527,Chicama,PE,-7.8447,-79.1469,64.67,88,100,4.23,overcast clouds,2021-12-04 08:34:43
528,Umm Lajj,SA,25.0213,37.2685,80.58,40,1,4.81,clear sky,2021-12-04 08:34:44
529,Winneba,GH,5.3511,-0.6231,82.87,75,100,5.21,overcast clouds,2021-12-04 08:34:44
530,Havoysund,NO,70.9963,24.6622,18.48,83,66,19.01,broken clouds,2021-12-04 08:34:45
531,Voznesenye,RU,61.0106,35.4781,14.97,92,100,14.38,light snow,2021-12-04 08:34:45
532,Saint-Ambroise,CA,48.5501,-71.3324,10.94,85,100,10.36,overcast clouds,2021-12-04 08:34:45
533,Muisne,EC,0.6,-80.0333,74.14,88,100,9.13,overcast clouds,2021-12-04 08:34:46
534,Chokwe,MZ,-24.5333,32.9833,100.09,30,9,4.36,clear sky,2021-12-04 08:34:46
535,Bauska,LV,56.4075,24.1906,24.55,98,100,6.13,snow,2021-12-04 08:32:03
536,Hualmay,PE,-11.0964,-77.6139,65.32,89,100,7.27,overcast clouds,2021-12-04 08:34:46
537,Awbari,LY,26.5921,12.7805,52.3,42,0,15.05,clear sky,2021-12-04 08:34:47
538,Curanilahue,CL,-37.4667,-73.35,48.43,73,7,4.52,clear sky,2021-12-04 08:31:22
539,Imbituba,BR,-28.24,-48.6703,71.82,88,89,7.9,overcast clouds,2021-12-04 08:34:47
540,Coihueco,CL,-36.6167,-71.8333,52.54,94,0,9.22,clear sky,2021-12-04 08:34:47
541,Puerto Ayacucho,VE,5.6639,-67.6236,73.87,85,89,3.38,overcast clouds,2021-12-04 08:34:48
542,Chinhoyi,ZW,-17.3667,30.2,92.19,22,4,10.85,clear sky,2021-12-04 08:34:48
543,Jacareacanga,BR,-6.2222,-57.7528,73.0,100,100,0.74,light rain,2021-12-04 08:34:48
544,Boende,CD,-0.2167,20.8667,84.0,64,93,2.44,overcast clouds,2021-12-04 08:34:49
545,Cartagena Del Chaira,CO,1.3349,-74.8429,69.6,99,98,0.6,overcast clouds,2021-12-04 08:34:49
546,Manacapuru,BR,-3.2997,-60.6206,75.78,88,100,2.73,overcast clouds,2021-12-04 08:34:49
547,Santa Isabel,BR,-23.3156,-46.2214,63.7,90,86,2.82,overcast clouds,2021-12-04 08:32:05
548,Huarmey,PE,-10.0681,-78.1522,65.7,90,100,7.07,overcast clouds,2021-12-04 08:35:50
549,Vercelli,IT,45.3231,8.4153,42.33,53,97,1.74,overcast clouds,2021-12-04 08:35:50
550,Gao,ML,16.6362,1.637,82.38,11,93,11.36,overcast clouds,2021-12-04 08:35:51
551,Alta Floresta,BR,-9.8756,-56.0861,70.77,99,100,3.56,moderate rain,2021-12-04 08:35:51
552,Sioux Lookout,CA,50.1001,-91.917,15.87,86,90,10.36,light snow,2021-12-04 08:35:51
553,San Lorenzo,PY,-25.3333,-57.5333,68.94,64,0,5.01,clear sky,2021-12-04 08:32:55
554,Sfantu Gheorghe,RO,45.8667,25.7833,38.26,74,95,3.06,overcast clouds,2021-12-04 08:35:52
555,Bardsir,IR,29.9227,56.5743,48.25,33,0,6.82,clear sky,2021-12-04 08:35:52
556,Mondlo,ZA,-27.983,30.7177,85.57,41,83,10.2,broken clouds,2021-12-04 08:35:52
557,Ayacucho,PE,-13.1583,-74.2239,57.69,84,100,2.95,light rain,2021-12-04 08:35:53
558,Morant Bay,JM,17.8815,-76.4093,80.65,83,100,12.55,overcast clouds,2021-12-04 08:35:53
559,Tomsk,RU,58.5,82.5,23.85,88,100,11.77,overcast clouds,2021-12-04 08:35:53
560,Nexo,DK,55.0607,15.1306,42.89,85,90,16.82,overcast clouds,2021-12-04 08:35:54
561,Nargana,PA,9.4428,-78.5906,79.56,84,100,12.82,overcast clouds,2021-12-04 08:35:54
562,Abalak,RU,58.1286,68.5944,23.31,92,60,5.53,broken clouds,2021-12-04 08:35:54
563,Heilbron,ZA,-27.2812,27.9709,80.37,46,63,17.4,light rain,2021-12-04 08:35:55
564,Kaka,TM,37.3482,59.6143,46.09,69,88,2.53,overcast clouds,2021-12-04 08:35:55
565,Baghdad,IQ,33.3406,44.4009,58.91,38,60,6.91,broken clouds,2021-12-04 08:31:49
566,Durres,AL,41.3231,19.4414,53.78,71,97,7.43,overcast clouds,2021-12-04 08:31:50
567,Hare Bay,CA,48.8499,-54.0148,34.95,68,85,17.07,overcast clouds,2021-12-04 08:35:56
568,Einbeck,DE,51.8167,9.8667,38.25,93,99,5.35,overcast clouds,2021-12-04 08:33:02
569,Wana,PK,32.2989,69.5725,61.38,21,0,5.3,clear sky,2021-12-04 08:35:56
570,Rockland,US,41.1668,-74.0496,37.72,79,26,2.84,scattered clouds,2021-12-04 08:35:56
571,Timon,BR,-5.0942,-42.8367,73.18,94,75,0.0,broken clouds,2021-12-04 08:35:40
572,Wah,PK,33.798,72.6957,71.01,15,22,5.28,few clouds,2021-12-04 08:35:57
573,Santiago Del Estero,AR,-27.7951,-64.2615,74.41,64,93,2.37,moderate rain,2021-12-04 08:35:57
574,Las Palmas,ES,28.4204,-14.0131,63.39,72,20,17.27,few clouds,2021-12-04 08:35:58
575,Yashkul,RU,46.1711,45.3435,48.33,73,61,9.33,broken clouds,2021-12-04 08:35:58
576,Kostino,RU,58.9097,53.2691,35.51,98,100,15.01,overcast clouds,2021-12-04 08:35:58
577,Santa Rosa,PH,14.3122,121.1114,82.38,71,60,16.17,broken clouds,2021-12-04 08:35:59
578,Laterza,IT,40.6295,16.7997,49.59,81,0,12.66,clear sky,2021-12-04 08:35:59
579,Colombo,LK,6.9319,79.8478,85.95,75,51,8.28,broken clouds,2021-12-04 08:35:59
580,Severnoye,RU,56.3491,78.3619,25.61,87,100,13.85,overcast clouds,2021-12-04 08:36:00
581,Sistranda,NO,63.7256,8.834,28.9,65,100,24.23,light snow,2021-12-04 08:36:00
582,Lakota,CI,5.8528,-5.6883,82.36,68,69,4.18,broken clouds,2021-12-04 08:36:00
583,Tansen,NP,27.8673,83.5467,66.54,57,0,4.63,clear sky,2021-12-04 08:36:01
584,Nesna,NO,66.1967,13.0213,19.92,74,37,20.71,scattered clouds,2021-12-04 08:36:01
585,Tahta,EG,26.7693,31.5021,61.12,30,68,2.19,broken clouds,2021-12-04 08:36:01
586,Arboletes,CO,8.8505,-76.4269,77.25,89,94,0.56,overcast clouds,2021-12-04 08:36:02
587,Esmeraldas,BR,-19.7625,-44.3139,67.06,97,29,5.35,scattered clouds,2021-12-04 08:34:40
588,Faya,SA,18.3851,42.4509,69.91,15,0,1.57,clear sky,2021-12-04 08:36:02
589,Do Gonbadan,IR,30.3586,50.7981,66.29,45,0,0.0,clear sky,2021-12-04 08:36:03
590,Milici,BA,44.1711,19.0903,25.97,78,48,3.13,scattered clouds,2021-12-04 08:32:05
591,Kangaatsiaq,GL,68.3065,-53.4641,20.41,62,100,31.34,overcast clouds,2021-12-04 08:36:03
592,Pudozh,RU,61.8099,36.5345,8.67,84,100,12.5,overcast clouds,2021-12-04 08:36:04
593,Massillon,US,40.7967,-81.5215,34.41,64,40,1.01,scattered clouds,2021-12-04 08:37:04
594,Nayagarh,IN,20.1333,85.1,65.41,95,100,7.45,moderate rain,2021-12-04 08:37:04
595,Waddan,LY,29.1614,16.139,55.29,36,0,22.48,clear sky,2021-12-04 08:37:05
596,Cochrane,CA,51.1834,-114.4687,20.39,54,90,5.75,overcast clouds,2021-12-04 08:37:05
597,Moissac,FR,44.1024,1.0945,54.55,88,100,21.56,light rain,2021-12-04 08:37:05
598,Monrovia,LR,6.3005,-10.7969,78.57,80,89,8.75,overcast clouds,2021-12-04 08:37:06
599,Axim,GH,4.8699,-2.2405,83.34,74,90,7.45,overcast clouds,2021-12-04 08:37:06
600,Santiago De Chuco,PE,-8.15,-78.1833,51.17,84,100,1.01,overcast clouds,2021-12-04 08:37:06
601,Morro Agudo,BR,-20.7314,-48.0578,71.62,83,19,5.68,few clouds,2021-12-04 08:34:52
602,Karanja,IN,20.4833,77.4833,83.16,27,1,7.58,clear sky,2021-12-04 08:37:07
603,Clonakilty,IE,51.6231,-8.8706,40.21,65,37,20.76,light rain,2021-12-04 08:37:07
604,Meybod,IR,32.2501,54.0166,55.42,36,0,3.74,clear sky,2021-12-04 08:37:07
605,Estelle,US,29.8458,-90.1067,66.2,85,90,0.0,mist,2021-12-04 08:35:06
606,Herat,AF,34.5,62.0,49.69,49,37,9.17,scattered clouds,2021-12-04 08:37:08
607,Kulevcha,UA,46.0303,29.9361,39.2,74,100,11.07,overcast clouds,2021-12-04 08:37:08
608,Bonthe,SL,7.5264,-12.505,83.12,73,69,4.81,broken clouds,2021-12-04 08:37:09
609,Antofagasta,CL,-23.65,-70.4,60.08,79,38,3.8,scattered clouds,2021-12-04 08:32:22
610,Biltine,TD,14.5333,20.9167,87.89,15,0,2.59,clear sky,2021-12-04 08:37:09
611,Kralendijk,BQ,12.15,-68.2667,78.78,89,25,9.22,scattered clouds,2021-12-04 08:37:09
612,Mizdah,LY,31.4451,12.9801,48.72,55,74,22.39,broken clouds,2021-12-04 08:37:10
613,Beyneu,KZ,45.3167,55.2,42.33,44,10,12.15,clear sky,2021-12-04 08:37:10
614,Tres De Maio,BR,-27.7733,-54.24,64.11,79,27,7.0,scattered clouds,2021-12-04 08:37:11
615,Saint-Michel-Des-Saints,CA,46.6834,-73.9159,7.12,89,94,2.55,overcast clouds,2021-12-04 08:37:11
616,Mangai,CD,-4.05,19.5333,86.09,58,98,3.78,overcast clouds,2021-12-04 08:37:11
617,Sembe,CG,1.6481,14.5806,86.45,56,99,3.18,overcast clouds,2021-12-04 08:37:11
618,Vizinga,RU,61.0749,50.1031,7.56,94,100,14.65,light snow,2021-12-04 08:37:12
619,Alta Gracia,AR,-31.6529,-64.4283,67.37,64,89,1.28,overcast clouds,2021-12-04 08:37:12
620,Rio Cuarto,AR,-33.1307,-64.3499,54.84,95,98,4.36,overcast clouds,2021-12-04 08:37:12
621,Pizarro,CO,4.9533,-77.366,74.97,93,100,3.22,moderate rain,2021-12-04 08:37:13
622,Puerto Ayora,EC,-0.7393,-90.3518,66.99,94,43,5.44,scattered clouds,2021-12-04 08:37:13
623,Hattiesburg,US,31.3271,-89.2903,58.53,95,75,0.0,fog,2021-12-04 08:34:53
624,Dzaoudzi,YT,-12.7887,45.2699,85.89,70,75,8.05,broken clouds,2021-12-04 08:37:14
625,Kismayo,SO,-0.3582,42.5454,85.71,62,42,13.4,scattered clouds,2021-12-04 08:37:14
626,Aconibe,GQ,1.2968,10.9369,77.99,69,100,2.82,overcast clouds,2021-12-04 08:37:14
627,Schmolln,DE,50.9,12.3667,36.52,95,90,3.0,light snow,2021-12-04 08:37:15
628,Remontnoye,RU,46.5614,43.6501,46.49,63,91,10.51,overcast clouds,2021-12-04 08:37:15
629,Farafangana,MG,-22.8167,47.8333,83.71,65,33,13.38,scattered clouds,2021-12-04 08:37:15
630,Kannur,IN,11.8675,75.3576,84.67,66,35,6.93,scattered clouds,2021-12-04 08:37:16
631,Caravelas,BR,-17.7125,-39.2481,73.33,89,68,2.19,broken clouds,2021-12-04 08:37:16
632,Aranos,NA,-24.1333,19.1167,79.88,29,92,11.95,overcast clouds,2021-12-04 08:37:16
633,Napasar,IN,27.9667,73.55,77.65,17,0,4.88,clear sky,2021-12-04 08:37:17
634,Ngerengere,TZ,-6.75,38.1167,87.69,51,48,5.57,light rain,2021-12-04 08:37:17
635,Agirish,RU,61.9247,63.0231,7.99,87,100,3.44,overcast clouds,2021-12-04 08:37:17
636,Simoes,BR,-7.5989,-40.8178,73.9,78,65,4.36,broken clouds,2021-12-04 08:37:18
637,Limulunga,ZM,-15.0969,23.1376,94.33,28,29,6.85,scattered clouds,2021-12-04 08:37:18
638,Shahreza,IR,32.0339,51.8794,51.58,26,1,1.83,clear sky,2021-12-04 08:37:18
639,Mikkeli,FI,61.6886,27.2723,6.91,72,0,4.61,clear sky,2021-12-04 08:38:19
640,Mpika,ZM,-11.8343,31.4529,86.27,23,9,10.04,clear sky,2021-12-04 08:38:19
641,Doha,QA,25.2867,51.5333,75.18,41,0,13.8,clear sky,2021-12-04 08:38:19
642,Serenje,ZM,-13.2325,30.2352,88.84,19,1,9.51,clear sky,2021-12-04 08:38:20
643,Kamenka,RU,51.3223,42.7678,33.75,97,100,6.89,light snow,2021-12-04 08:38:20
644,Nacala,MZ,-14.5428,40.6728,91.29,45,0,11.18,clear sky,2021-12-04 08:38:20
645,Virginia Beach,US,36.8529,-75.978,48.99,84,1,3.44,clear sky,2021-12-04 08:38:21
646,Demba,CD,-5.51,22.2667,86.36,55,100,3.4,overcast clouds,2021-12-04 08:38:21
647,Sao Paulo De Olivenca,BR,-3.3783,-68.8725,72.34,99,100,0.81,moderate rain,2021-12-04 08:38:21
648,Camargo,MX,27.6667,-105.1667,60.48,54,4,1.88,clear sky,2021-12-04 08:38:22
649,Santander,ES,43.4647,-3.8044,57.45,88,75,10.0,broken clouds,2021-12-04 08:38:22
650,Sinnamary,GF,5.3833,-52.95,76.6,91,100,7.31,overcast clouds,2021-12-04 08:38:22
651,Taoudenni,ML,22.6783,-3.9836,63.55,30,100,19.55,overcast clouds,2021-12-04 08:38:23
652,Bilma,NE,18.6853,12.9164,77.56,14,51,8.46,broken clouds,2021-12-04 08:38:23
653,Zhezkazgan,KZ,47.8043,67.7144,30.52,63,100,9.75,overcast clouds,2021-12-04 08:38:23
654,Marsabit,KE,2.3284,37.9899,74.1,57,31,16.6,scattered clouds,2021-12-04 08:38:24
655,Altamira,BR,-3.2033,-52.2064,72.64,98,100,2.08,overcast clouds,2021-12-04 08:38:24
656,Pisco,PE,-13.7,-76.2167,64.45,88,100,4.61,overcast clouds,2021-12-04 08:38:24
657,Goure,NE,13.9835,10.2704,81.01,15,21,11.9,few clouds,2021-12-04 08:38:25
658,Villaviciosa,ES,43.4813,-5.4357,57.0,93,100,13.49,overcast clouds,2021-12-04 08:38:25
659,Krasnoselkup,RU,65.7,82.4667,-22.14,94,96,7.43,overcast clouds,2021-12-04 08:38:25
660,Nador,MA,35.174,-2.9287,50.25,76,20,0.0,few clouds,2021-12-04 08:38:26
661,Kurchum,KZ,48.5722,83.6542,23.38,89,10,1.05,clear sky,2021-12-04 08:38:26
662,Ulcinj,ME,41.9294,19.2244,50.92,75,98,7.63,overcast clouds,2021-12-04 08:38:26
663,La Rioja,ES,42.25,-2.5,42.48,93,70,6.35,light rain,2021-12-04 08:38:27
664,Montigny-Les-Metz,FR,49.0943,6.1517,49.84,97,90,17.27,mist,2021-12-04 08:38:27
665,Shevchenkove,UA,49.6959,37.1735,31.78,57,100,7.78,overcast clouds,2021-12-04 08:38:27
666,Karlskrona,SE,56.1616,15.5866,32.45,98,100,9.44,overcast clouds,2021-12-04 08:38:28
667,Narayanpet,IN,16.7333,77.5,85.15,42,70,3.56,broken clouds,2021-12-04 08:38:28
668,Betul,IN,21.9153,77.8961,80.89,29,4,4.94,clear sky,2021-12-04 08:38:28
669,Pyaozerskiy,RU,65.8333,31.1667,13.86,83,53,10.45,broken clouds,2021-12-04 08:38:29
670,Ovalle,CL,-30.5983,-71.2003,63.1,56,0,1.32,clear sky,2021-12-04 08:38:29
671,Tabas,IR,33.5959,56.9244,56.5,42,1,4.34,clear sky,2021-12-04 08:38:29
672,Orebro,SE,59.2741,15.2066,20.59,93,90,8.05,overcast clouds,2021-12-04 08:38:30
673,Saint-Joseph,RE,-21.3667,55.6167,87.1,74,20,6.22,few clouds,2021-12-04 08:38:30
674,Soubre,CI,5.7856,-6.6083,81.32,75,85,3.74,overcast clouds,2021-12-04 08:38:30
675,Ugoofaaru,MV,5.6667,73.0,82.67,74,11,8.1,few clouds,2021-12-04 08:38:31
676,Fort Payne,US,34.4442,-85.7197,57.52,72,1,3.44,mist,2021-12-04 08:38:31
677,Gobabis,NA,-22.45,18.9667,78.84,35,100,13.73,overcast clouds,2021-12-04 08:38:31
678,Umtata,ZA,-31.5889,28.7844,63.16,77,90,2.3,moderate rain,2021-12-04 08:38:31
679,Oudtshoorn,ZA,-33.5907,22.2014,64.76,75,100,4.99,moderate rain,2021-12-04 08:38:32
680,Penzance,GB,50.1186,-5.5371,47.52,71,40,31.07,scattered clouds,2021-12-04 08:38:32
681,Kuusamo,FI,65.9667,29.1833,12.24,85,90,5.75,light shower snow,2021-12-04 08:38:33
682,Sorrento,IT,40.626,14.3744,53.44,3,29,4.85,scattered clouds,2021-12-04 08:38:33
683,Eskisehir,TR,39.7767,30.5206,42.71,81,75,11.5,broken clouds,2021-12-04 08:38:33
684,Port Blair,IN,11.6667,92.75,81.25,78,23,12.86,few clouds,2021-12-04 08:39:34
685,Lahij,YE,13.1667,44.5833,81.66,32,0,7.05,clear sky,2021-12-04 08:39:34
686,Bay Roberts,CA,47.5999,-53.2648,39.02,90,58,11.99,light rain,2021-12-04 08:39:34
